0,0,762.5,1065,7000,-3000,-3000,0,0,0,0,0,0,0,0,471.238898038469,0,0,0
0.005,34.9558996938996,747.880432619099,1049.83,6991.17993877991,-2923.9134761802,-3034,-1764.01224401701,15217.3047639603,-6800,0,0,2.35060815971042,0,0,470.121631942085,-0,-0,-223.453219276823
0.01,69.864297201837,733.638287604919,1034.49085,6981.67950158748,-2848.42900283596,-3067.83,-1900.08743848625,15096.8946688468,-6766,0,0,4.69564323363854,0,0,469.007014785623,-0,-0,-222.923431292289
0.015,104.721850239221,719.770543747406,1018.98339575,6971.51060747675,-2773.54877150272,-3101.49085,-2033.77882214717,14976.046266649,-6732.17,0,0,7.03511843508194,0,0,467.89504028868,-0,-0,-222.3948993886
0.02,139.525275670138,706.274169649602,1003.30847877125,6960.68508618353,-2699.27481956079,-3134.98339575,-2165.10425864384,14854.7903883853,-6698.50915,0,0,9.36904694601065,0,0,466.785702185742,-0,-0,-221.867620587699
0.025,174.271349056498,693.146124484847,987.466936377394,6949.21467727189,-2625.60903295099,-3168.30847877125,-2294.08178232806,14733.1573219608,-6665.01660425,0,0,11.6974419171414,0,0,465.678994226149,-0,-0,-221.341591918589
0.03,208.95690420312,680.383358740506,971.459601695507,6937.11102932434,-2552.55314886821,-3201.46693637739,-2420.72958951001,14611.1768165568,-6631.69152122875,0,0,14.0203164680117,0,0,464.574910174062,-0,-0,-220.816810417317
0.035,243.578832698994,667.982814948342,955.287303687029,6924.38569917494,-2480.10875843283,-3234.45960169551,-2545.06602988002,14488.8780870751,-6598.53306362261,0,0,16.3376836870538,0,0,463.473443808428,-0,-0,-220.293273126958
0.04,278.134083454916,655.941428401643,938.950867168594,6911.05015118444,-2408.27730933966,-3267.28730368703,-2667.10959809973,14366.2898186344,-6565.54039830449,0,0,18.6495566316685,0,0,462.37458892294,-0,-0,-219.770977097596
0.045,312.6196622377,644.256127859223,922.451112832751,6897.11575655664,-2337.06010848408,-3299.95086716859,-2786.87892556086,14243.4401711164,-6532.71269631297,0,0,20.9559483282986,0,0,461.278339326008,-0,-0,-219.249919386311
0.05,347.032631201175,632.923836236396,905.788857268587,6882.59379269509,-2266.45832456529,-3332.45111283275,-2904.39277230999,14120.356783757,-6500.04913283141,0,0,23.2568717725022,0,0,460.184688840722,-0,-0,-218.73009705716
0.055,381.370108414172,621.941471283065,888.964912982244,6867.4954425994,-2196.47299066638,-3364.78885726859,-3019.67001913752,13997.0667797819,-6467.54888716725,0,0,25.5523399290263,0,0,459.093631304816,-0,-0,-218.211507181158
0.06,415.629267385673,611.30594624901,871.980088417333,6851.83179430025,-2127.10500681097,-3396.96491298224,-3132.7296598291,13873.5967710821,-6435.21114273141,0,0,27.8423657318795,0,0,458.005160570635,-0,-0,-217.694146836269
0.065,449.807336587335,601.014170536528,854.835187975246,6835.61384033236,-2058.35514249633,-3428.98008841733,-3243.59079357781,13749.9728629275,-6403.03508701775,0,0,30.1269620844049,0,0,456.919270505098,-0,-0,-217.178013107382
0.07,483.901598973558,591.063050340514,837.53101203537,6818.85247724459,-1990.22403920276,-3460.83518797525,-3352.27261755517,13626.2206587157,-6371.01991158267,0,0,32.4061418593533,0,0,455.835954989667,-0,-0,-216.663103086297
0.075,517.90939149929,581.449489276119,820.068356975193,6801.55850514639,-1922.71221287899,-3492.53101203537,-3458.79441963948,13502.3652647525,-6339.16481202475,0,0,34.6799178989548,0,0,454.755207920308,-0,-0,-216.149413871711
0.08,551.828104635739,572.170388994101,802.448015190317,6783.74262728989,-1855.82005640367,-3524.06835697519,-3563.17557129935,13378.4312950641,-6307.46898796463,0,0,36.9483030149921,0,0,453.677023207462,-0,-0,-215.636942569199
0.085,585.655181884173,563.222649783989,784.670775114366,6765.41544968674,-1789.5478420225,-3555.44801519032,-3665.43552063092,13254.442876235,-6275.93164302481,0,0,39.2113099888722,0,0,452.601394776006,-0,-0,-215.125686291198
0.09,619.388119287968,554.603171165183,780.25,5059.94061056925,-1292.92179282085,2761.73649683806,-3765.59378554683,13130.423652272,-6244.55198480968,0,0,41.4689515716983,21.2826632563103,83.2912034661606,451.528316565221,-0,-0,-214.615642156991
0.095,644.636677451202,548.376989816079,793.703068204912,5049.7116326468,-1245.23626982072,2690.61364098248,-2045.79558449167,9537.10460002628,-14224.5711711157,0.106161019641822,0.415468636639744,43.7212404843421,21.2322039283643,83.0937273279489,450.457782528758,-10.0918655892003,-39.4952276423393,-214.106807292692
0.1,669.831631664829,542.387268470659,806.80257121029,5038.99084272535,-1197.94426908395,2619.90060107558,-2144.15798428945,9458.40014735394,-14142.6079813816,0.212070340817118,0.829952233581449,45.9681894175151,21.1818642350593,82.8967193883409,449.389786634602,-10.0679386610138,-39.4015879216002,-213.599178831229
0.105,694.970567133724,536.632030606117,819.550549802238,5027.78709377906,-1151.04757290844,2549.59571838948,-2240.74978925687,9379.33923510144,-14060.976537219,0.317728560280877,1.24345312626784,48.2098110318403,21.1316438927519,82.7001785372787,448.32432286504,-10.0440684614754,-39.308170212426,-213.092753912324
0.11,720.05111298498,531.109291347151,831.949036425511,5016.10917025125,-1104.54785179322,2479.69732465462,-2335.58470556307,9299.94422304398,-13979.678746972,0.423136273373235,1.65597364460452,50.4461179579234,21.0815426184715,82.5041036673365,447.261385216628,-10.0202548560865,-39.214973988447,-212.587529682486
0.115,745.070941922477,525.817058015133,844.000055137556,5003.9657874994,-1058.44666640363,2410.20374240911,-2428.67655036973,9220.23707791835,-13898.7164491021,0.528294074022825,2.06751611297309,52.6771227964242,21.0315601299181,82.3084936737138,446.200967700153,-9.99649771066743,-39.121998724541,-212.083503294985
0.12,770.027769878833,520.753330667533,855.705621564276,4991.36559127103,-1012.74546952001,2341.11328534387,-2520.03924567443,9140.23937672533,-13818.0914130486,0.633202554750132,2.47808285024424,54.9028381181272,20.9816961454613,82.1133474542296,445.143064340603,-9.97279689135646,-39.0292438968312,-211.580671909842
0.125,794.919355664881,515.916102627685,867.067742857493,4978.31715720964,-967.445607969676,2272.42425864342,-2609.68681227713,9059.9723100661,-13737.8053400894,0.737862306670824,2.88767616979082,57.1232764640128,20.9319503841383,81.9186639093162,444.087669177134,-9.94915226460935,-38.9367089826827,-211.079032693812
0.13,819.743500616832,511.303361004974,878.088417654105,4964.8289903903,-922.548324542121,2204.13495932241,-2697.63336386855,8979.4566855109,-13657.859864202,0.842273919499085,3.29629837950089,59.338450345328,20.8823225656523,81.7244419420127,443.034776263032,-9.92556369719847,-38.8443934606996,-210.578582820365
0.135,844.498048241253,506.913087205538,888.769636036894,4950.9095248841,-878.054759887133,2136.24367655779,-2783.89310123897,8898.71293099761,-13578.2565529249,0.946437981550941,3.70395178179068,61.5483722436564,20.8328124103712,81.5306804579591,441.984379665684,-9.90203105621204,-38.7522968107225,-210.079319469676
0.14,869.180883858008,502.743257433559,899.113379496977,4936.56712335107,-833.965954395841,2068.74869201669,-2868.48030660639,8817.76109825846,-13498.9969082184,1.05035507974757,4.11063867361763,63.7530546109891,20.783419639326,81.33737836539,440.936473466541,-9.87855420905341,-38.660418513825,-209.581239828603
0.145,893.789934241312,498.791843183237,909.121620897878,4921.81007666076,-790.282850064477,2001.64828018007,-2951.40933806245,8736.62086627288,-13420.0823673251,1.15402579961862,4.51636134649327,65.9525098697946,20.7341439742088,81.1445345751284,439.891051761088,-9.85513302344032,-38.5687580523111,-209.084341090673
0.15,918.323167259013,495.056811721533,918.796324441187,4906.64660354008,-747.006292340753,1934.94070866192,-3032.69462413509,8655.31154474463,-13341.5143036297,1.25745072530547,4.92112208649617,68.1467504130886,20.6849851373718,80.9521480005799,438.848108658807,-9.83176736740412,-38.4773149097122,-208.58862045607
0.155,942.778591510251,491.536126561769,928.139445633809,4891.08485024775,-704.137031952747,1868.62423852433,-3112.35065846633,8573.85207760134,-13263.2940275171,1.3606304395646,5.3249231742848,70.3357886045044,20.6359428518253,80.760217557726,437.807638283149,-9.80845710928905,-38.3860885707842,-208.094075131613
0.16,967.154255961625,488.227747928168,937.15293125675,4875.13289027473,-661.675726720173,1802.69712458818,-3190.39199460404,8492.26104651473,-13185.42278723,1.46356552377078,5.7277668851104,72.5196367783618,20.5870168412366,80.5687421651184,436.769634771496,-9.78520211775151,-38.2950785215046,-207.600702330745
0.165,991.448249581976,485.129633211429,945.838719335448,4858.7987240702,-619.622943347975,1737.15761573956,-3266.83324090629,8410.55667443963,-13107.901769724,1.56625655792042,6.12965548882976,74.6983072397375,20.5382068299278,80.3777207438731,435.734092275128,-9.76200226175928,-38.2042842490697,-207.108499273517
0.17,1015.65870097594,482.239737415418,954.198739111607,4842.09027879242,-577.979159202123,1672.00395523196,-3341.68905555694,8328.75682917033,-13030.7321015212,1.6687041206348,6.53059124991808,76.8718122645335,20.4895125428748,80.1871522176636,434.701004959195,-9.73885741059082,-38.1137052418914,-206.617463186567
0.175,1039.78377801636,479.55601359508,962.234911016528,4825.01540808396,-536.744764067562,1607.23438098415,-3414.97414169111,8246.87902691231,-12953.9148495623,1.77090878916332,6.93057642748166,79.0401640995469,20.4409337057056,79.9970355127156,433.67036700268,-9.71576743383452,-38.0233409895948,-206.127591303112
0.18,1063.82168747571,477.076413285639,969.949146645897,4807.58189187082,-495.920061888221,1542.84712587387,-3486.70324262917,8164.94043586804,-12877.4510220548,1.87287113938682,7.32961327527066,81.2033749625387,20.3924700446987,79.8073695578006,432.642172598365,-9.69273220138796,-37.9331909830147,-205.638880862928
0.185,1087.77067465664,474.798886923194,977.343348736034,4789.79743618473,-455.505272489047,1478.84041802727,-3556.89113721807,8082.95787983494,-12801.3415693203,1.97459174582073,7.72770404169181,83.3614570423027,20.3441212867814,79.6181532842296,431.616415952803,-9.66975158345719,-37.8432547141936,-205.151329112334
0.19,1111.62902302168,472.721384256794,984.419411141554,4771.66967300833,-415.500533279975,1415.21248110408,-3625.55263527829,8000.94784181437,-12725.5873846378,2.07607118161837,8.12485096982105,85.5144224987341,20.2958871595286,79.4293856258477,430.593091286282,-9.64682545055597,-37.7535316763777,-204.664933304179
0.195,1135.39505382239,470.841854752085,991.179218814447,4753.20616014256,-375.905900941826,1351.96153457866,-3692.70257315555,7918.92646762967,-12650.1893050845,2.17731001857417,8.52105629741619,87.6622834628981,20.2477673911611,79.2410655190276,429.572192832793,-9.62395367350508,-37.6640213640152,-204.179690697826
0.2,1159.06712572787,469.158247986614,997.624647784531,4734.41438109568,-336.721353094065,1289.08579401679,-3758.35580937545,7836.90956955232,-12575.1481123732,2.27830882712689,8.9163222569295,89.8050520370981,20.1997617105439,79.0531919026639,428.553714839998,-9.60113612343157,-37.5747232727527,-203.695598559132
0.205,1182.64363445284,467.668514036893,1003.75756514127,4715.30174499368,-297.946789944393,1226.58347134836,-3822.52722040005,7754.91262993434,-12500.4645336866,2.37906817636282,9.31065107552034,91.9427402949441,20.1518698471851,78.8657637181667,427.537651569195,-9.57837267176803,-37.4856368994325,-203.212654160442
0.21,1206.12301238539,466.370603857292,1009.57982901695,4695.87558651125,-259.582035920164,1164.45277513582,-3885.23169648488,7672.9508048459,-12426.1392425072,2.47958863401899,9.70404497506762,94.0753602814205,20.1040915312338,78.6787799094563,426.523997295293,-9.55566319025187,-37.3967617420899,-202.730854780563
0.215,1229.50372821451,465.262469650884,1015.09328857115,4676.14316582308,-221.626841281581,1102.6919108386,-3946.48413763501,7591.03892771656,-12352.1728594444,2.57987076648638,10.0965061721824,96.2029240129544,20.0564264934792,78.4922394229565,425.512746306769,-9.53300755092462,-37.3080972999505,-202.250197704757
0.22,1252.78428655738,464.3420652323,1020.29978397651,4656.11166857478,-184.080883716685,1041.29908107332,-4006.29944965893,7509.19151297906,-12278.5659530569,2.67991513881313,10.4880368782203,98.3254434774826,20.0088744653486,78.3061412075894,424.503892905645,-9.51040562613115,-37.2196430734269,-201.770680224721
0.225,1275.96322758675,463.60734638271,1025.20114640586,4635.78820587319,-146.943769918115,980.272485869961,-4064.69254031884,7427.42275971416,-12205.3190406714,2.77972231470766,10.8786392992942,100.44293063452,19.961435178906,78.1204842147688,423.497431407452,-9.48785728851902,-37.1313985641163,-201.292299638572
0.23,1299.03912665822,463.056271197002,1029.79919802048,4615.17981429531,-110.215037141637,919.610322923979,-4121.67831557606,7345.74655529552,-12132.4325891962,2.87929285654191,11.2683156362862,102.555397415226,19.9141083668508,77.9352673983948,422.493356141198,-9.46536241103773,-37.0433632747976,-200.815053250837
0.235,1322.0105939378,462.686800423269,1034.0957519597,4594.29345591566,-73.8941547464705,859.310787844321,-4177.27167593012,7264.17647903332,-12059.9070159317,2.97862732535449,11.6570680848604,104.662855722473,19.8668937625161,77.7504897148477,421.491661449336,-9.442920866938,-36.9555367094287,-200.338938372429
0.24,1344.87627402956,462.496897794682,1038.09261233169,4573.13601835141,-37.9805257173934,799.372074397448,-4231.48751285036,7182.72580581542,-11987.7426893746,3.07772628085383,12.0448988354753,106.765317430911,19.8197910998672,77.5661501229819,420.492341687733,-9.42053252977105,-36.8679183731432,-199.863952320639
0.245,1367.63484560368,462.484530353839,1041.79157420543,4551.71431482491,-2.473488168668,739.792374747353,-4284.34070529856,7101.40750974507,-11915.9399300191,3.17659028142133,12.4318100733959,108.862794387039,19.7728001135003,77.3822475841207,419.495391225637,-9.39819727338791,-36.7805077722484,-199.390092419118
0.25,1390.2850210249,462.64766876969,1045.19442360389,4530.03508424321,32.627683170202,680.569879691595,-4335.84611634139,7020.234267774,-11844.4990111515,3.27521988411453,12.8178039787062,110.955298409268,19.7259205386406,77.1987810620496,418.500804445648,-9.3759149719387,-36.6933044142217,-198.917355997864
0.255,1412.82554598137,462.984287647124,1048.30293749835,4508.10499129395,67.323775486851,621.702778893391,-4386.01858985132,6939.21846332981,-11773.4201596409,3.37361564467024,13.2028827263212,113.042841287986,19.6791521111412,77.015749523011,417.508575743682,-9.35368549987192,-36.6063078077087,-198.445740393201
0.26,1435.25519911416,463.492365829307,1051.1188838039,4485.93062655748,101.615636436535,563.189261109768,-4434.87294729465,6858.3721899367,-11702.7035567246,3.47177811750765,13.5870484859997,115.125434785631,19.6324945674816,76.8331519356984,416.518699528943,-9.33150873193373,-36.5195174625194,-197.975242947774
0.265,1457.57279164733,464.16988669286,1053.64402137598,4463.51850663445,135.504172710677,505.02751441583,-4482.42398460544,6777.70725482856,-11632.3493387875,3.56970785573148,13.970303422356,117.20309063675,19.5859476447657,76.6509872712503,415.531170223891,-9.30938454316727,-36.4329328896265,-197.505861010524
0.27,1479.77716701877,465.014838435978,1055.88010000811,4440.87507428873,168.990348623444,447.215726425146,-4528.68646914396,6697.23518255336,-11562.3575981368,3.66740541113508,14.3526496948722,119.275820548071,19.5395110807212,76.4692545032445,414.545982264207,-9.28731280891193,-36.3465536011619,-197.037591936679
0.275,1501.8672005118,466.025214359559,1057.82886043064,4418.00669860504,202.075184716284,389.75208450629,-4573.67513673843,6616.96721856803,-11492.7283837712,3.76487133420357,14.7340894579107,121.343636198565,19.4931846136972,76.2879526076924,413.563130098768,-9.26529340480267,-36.2603791104142,-196.570433087737
0.28,1523.8417988876,467.199013141461,1059.49203431062,4394.919675161,234.759756380399,332.634775995571,-4617.4046888087,6536.91433282287,-11423.4617021438,3.86210617411688,15.1146248607258,123.406549239513,19.4469679826633,76.1070805630333,412.582608189611,-9.24332620676931,-36.1744089318259,-196.104381831454
0.285,1545.69990001867,468.534239103946,1060.87134425265,4371.62022621314,267.045192497072,275.861988405971,-4659.8897895707,6457.08722333462,-11354.55751792,3.95911047875292,15.4942580474765,125.464571294573,19.4008609272081,75.9266373501283,411.604411011902,-9.2214110910358,-36.0886425809909,-195.639435541823
0.29,1567.44047252315,470.028902474425,1061.96850380081,4348.11450089654,298.932674095809,219.431909632325,-4701.1450633203,6377.49631974741,-11286.0157547291,4.05588479469061,15.8729911572377,127.517713959842,19.3548631875375,75.7466219522551,410.628533053907,-9.19954793411959,-36.0030795746514,-195.175591599066
0.295,1589.06251540034,471.681019639576,1062.78521744157,4324.40857543756,330.423433030212,163.342728152773,-4741.18509179529,6298.15178688068,-11217.8362959105,4.15242966721298,16.2508263240132,129.565988803927,19.3089745044734,75.5670333551016,409.654968816959,-9.17773661283089,-35.9177194306956,-194.712847389615
0.3,1610.56505766724,473.488613392934,1063.3231806077,4300.50845337949,361.518750671529,107.592633226507,-4780.02441161442,6219.06352826338,-11150.0189852532,4.24874564031024,16.627765676747,131.609407368004,19.263194619452,75.3878705467608,408.683712815428,-9.15597700427196,-35.8325616681543,-194.251200306099
0.305,1631.94715799634,475.449713176033,1063.58407968314,4276.42006582053,392.219956619797,52.1798150878583,-4817.67751179198,6140.24118965367,-11082.5636277297,4.34483325668285,17.0038113393357,133.647981165888,19.2175232745228,75.2091325177248,407.714759576692,-9.13426898583645,-35.7476058071992,-193.790647747328
0.31,1653.20790435466,477.562355313196,1063.56959200883,4252.1492716639,422.528427432514,-2.8975348632603,-4854.15883132693,6061.69416254334,-11015.4699902237,4.44069305774459,17.3789654306401,135.681721684093,19.1719602123468,75.0308182608791,406.7481036411,-9.11261243520872,-35.6628513691391,-193.331187118281
0.315,1674.34641364406,479.824583240049,1063.28138588945,4227.70185787957,452.445585370746,-57.6412238745185,-4889.48275686523,5983.43158764633,-10948.7378022516,4.53632558362556,17.7532300644976,137.710640381903,19.126505176195,74.852926771497,405.78373956195,-9.0910072303631,-35.5782978764181,-192.872815830087
0.32,1695.36183134294,482.234447725862,1062.72112060116,4203.0835397774,481.972897162599,-112.053057657906,-4923.66362043415,5905.46235837063,-10882.3667566775,4.6317313731753,18.1266073497337,139.73474869143,19.0811579099472,74.675457047234,404.82166190545,-9.06945324956324,-35.4939448526125,-192.415531300015
0.325,1716.2533311494,484.790007089782,1061.89044640011,4178.29996129116,511.111872783964,-166.134840210015,-4956.71569724737,5827.79512427292,-10816.3565104218,4.72691096396575,18.4990993901743,141.754058017684,19.0359181580904,74.4984080881218,403.861865250692,-9.04795037136143,-35.409791822428,-191.959330951457
0.33,1737.02011462577,487.489327411064,1060.79100453194,4153.35669527326,539.86406425644,-219.888373635833,-4988.65320357978,5750.43829449526,-10750.7066851637,4.82186489229434,18.8707082846571,143.768579738632,18.9907856657174,74.3217788965633,402.904344189623,-9.02649847459788,-35.3258383116972,-191.504212213914
0.335,1757.66141084477,490.330482733376,1059.42442724206,4128.25924379971,568.231064462357,-273.31545797602,-5019.49029471057,5673.40004118339,-10685.4168680373,4.91659369318696,19.2414361270438,145.778325205267,18.9457601785254,74.1455684773264,401.949093327008,-9.00509743840008,-35.2420838473771,-191.05017252298
0.34,1778.17647603719,493.31155526326,1057.79233778687,4103.01303848504,596.214505976786,-326.417891037621,-5049.24106293363,5596.6883028859,-10620.4866123203,5.01109790040104,19.6112850062315,147.783305741669,18.9008414428145,73.9697758375387,400.996107280406,-8.98374714218209,-35.1585279575461,-190.597209320331
0.345,1798.56459324122,496.430635562842,1055.89635044573,4077.62344080687,623.816059916455,-379.197468228209,-5077.91953563399,5520.31078793378,-10555.9154381174,5.10537804642847,19.9802570061649,149.783532645069,18.8560292054862,73.7943999866817,400.045380680138,-8.96244746564387,-35.0751701714014,-190.145320053708
0.35,1818.82507195342,499.68582273687,1053.73807053376,4052.09574243973,651.037434805454,-431.655982393389,-5105.53967342921,5444.27497779983,-10491.702833036,5.19943466249868,20.3483542058478,151.779017185916,18.8113232140424,73.6194399365854,399.096908169253,-8.94119828877059,-34.9920100192567,-189.694502176902
0.355,1838.95724778141,503.075224614158,1051.31909441547,4026.43516559785,677.880375457641,-483.795223657667,-5132.11536837445,5368.58813043739,-10427.8482528558,5.2932682785816,20.7155786793549,153.769770607933,18.7667232165832,73.4448947014227,398.150684403505,-8.91999949183199,-34.9090470325389,-189.244753149742
0.36,1858.96048209835,506.596957923536,1048.64100951913,4000.6468633867,704.346661875631,-535.616979268625,-5157.66044223027,5293.25728359796,-10364.3511221915,5.38687942339063,21.0819324958434,155.75580412819,18.7222289618063,73.2707632977038,397.206704051314,-8.89885095538164,-34.8262807437863,-188.796070438079
0.365,1878.83416169916,510.249148464367,1045.70539435191,3974.73592016274,730.438108166267,-587.12303344437,-5182.18864479184,5218.28925812718,-10301.2108351491,5.48026862438565,21.4474177195648,157.737128937159,18.677840199005,73.0970447442706,396.264961793745,-8.87775256025635,-34.7437106866451,-188.348451513773
0.37,1898.57769845867,514.02993127173,1042.51381851578,3948.70735190135,756.156561472461,-638.315167224245,-5205.71365227858,5143.69066123872,-10238.4267559749,5.57343640777599,21.8120364098762,159.713756198781,18.6335566780672,72.9237380622912,395.325452324472,-8.85670418757542,-34.6613363958674,-187.901893854678
0.375,1918.19052899153,517.937450776336,1039.06784272417,3922.56610657244,781.503900921289,-689.195158322735,-5228.24906578308,5069.46788976573,-10175.998219698,5.66638329852336,22.1757906212525,161.68569705053,18.5893781494735,72.7508422752547,394.388170349749,-8.83570571874004,-34.5791574073084,-187.456394944626
0.38,1937.67211431415,521.969860959277,1035.36901881924,3896.31706452354,806.482036588236,-739.764780986565,-5249.80840977816,4995.6271333894,-10113.9245327661,5.75910982034484,22.5386824032974,163.652962603472,18.5453043642963,72.5783564089651,393.453110588382,-8.81475703543256,-34.4971732579236,-187.011952273416
0.385,1957.0219395085,526.125325501665,1031.41888978996,3869.96503887014,831.092908477457,-790.025805854937,-5270.40513068109,4922.17437784422,-10052.2049736744,5.85161649571583,22.900713800755,165.61556394233,18.5013350741982,72.4062794915362,392.520267771698,-8.79385801961585,-34.4153834857664,-186.5685633368
0.39,1976.23951338796,530.402017929254,1027.21898979085,3843.51477589277,855.338485517955,-839.979999822873,-5290.0525954738,4849.11540809958,-9990.83879358719,5.94390384587298,23.261886853522,167.573512125548,18.4574700314306,72.2346105533863,391.589636643515,-8.77300855353266,-34.3337876299855,-186.126225636464
0.395,1995.32436816517,534.798121752132,1022.77084416131,3816.97095544088,879.220764575543,-889.629125907641,-5308.76409037807,4776.45581151747,-9929.82521695351,6.03597239081714,23.6222035966581,169.526818185348,18.413708988832,72.0633486272322,390.661211960115,-8.75220851970492,-34.2523852308221,-185.684936680019
0.4,2014.27605912188,539.311830599534,1018.07596944572,3790.33819134296,902.741769480471,-938.974943118216,-5326.55281958459,4704.20098098574,-9869.16344211504,6.12782264931628,23.9816660603985,171.475493127799,18.3700516998274,71.8924927480842,389.73498849021,-8.73145780093307,-34.1711758296076,-185.244693980986
0.405,2033.09416428099,543.941348349887,1013.13587341408,3763.62103182278,925.903550070605,-988.019206327754,-5343.43190403504,4632.35611802685,-9808.85264190756,6.21945513890841,24.3402762701647,173.419547932874,18.3264979184259,71.7220419532404,388.810961014916,-8.71075628029545,-34.0901589687608,-184.80549505878
0.41,2051.7782840806,548.684889256137,1007.95205508334,3736.8239599215,948.708181250013,-1036.76366614903,-5359.41438025582,4560.92623588161,-9748.89196425543,6.31087037590451,24.6980362465762,175.358993554512,18.2830473992202,71.5519952822814,387.889124327723,-8.6901038411476,-34.0093341917853,-184.367337438698
0.415,2070.32804105023,553.540678066452,1002.52600473927,3709.95139392529,971.157762062852,-1085.21006881283,-5374.5131992428,4489.91616256776,-9689.28053275911,6.40206887539143,25.0549480054615,177.293840920685,18.2396998973845,71.3823517770651,386.969473234463,-8.66950036712161,-33.9287010432671,-183.930218651903
0.42,2088.74307948922,558.506950140364,996.859203959026,3683.00768779831,993.254414782418,-1133.36015604921,-5388.74122539578,4419.33054391307,-9630.01744727586,6.4930511512348,25.4110135578701,179.224100933451,18.1964551686739,71.2131104817207,386.052002553286,-8.64894574212548,-33.848259068872,-183.494136235414
0.425,2107.02306514732,563.58195156044,990.953125634167,3655.9971316208,1015.00028401523,-1181.21566497167,-5402.11123550185,4349.17384656276,-9571.1017844935,6.58381771608191,25.7662349100833,181.149784469024,18.1533129694222,71.044270442644,385.136707114626,-8.62843985034242,-33.7680078153429,-183.059087732087
0.43,2125.16768490748,568.76393923954,984.809233994346,3628.92395203197,1036.39753582004,-1228.77832796416,-5414.63591776662,4279.45036096094,-9512.53259849728,6.67436908136462,26.1206140636258,183.07090237783,18.1102730565411,70.8758307084915,384.223581761173,-8.60798257623028,-33.6879468304973,-182.625070690605
0.435,2143.17664647087,574.051181023748,978.428984631492,3601.79231267751,1057.44835684157,-1276.04987257081,-5426.32787089226,4210.16420430598,-9454.30892132984,6.76470575730221,26.4741530152766,184.987465484569,18.0673351875184,70.7077903301754,383.312621347846,-8.58757380452081,-33.6080756632248,-182.192082665462
0.44,2161.04967804418,579.441955791043,971.81382452455,3574.6063146615,1078.15495345896,-1323.03202138853,-5437.19960320157,4141.3193234794,-9396.42976354435,6.8548282529043,26.8268537570809,186.899484588278,18.0244991204174,70.540148360858,382.403820741761,-8.56721342021908,-33.5283938634848,-181.76012121695
0.445,2178.78652802919,584.934553545786,964.965192064738,3547.36999700246,1098.51955094871,-1369.72649196228,-5447.26353180696,4072.91949794838,-9338.89411475068,6.94473707597367,27.1787182763607,188.806970462389,17.9817646138743,70.3729038559465,381.497174822205,-8.54690130860278,-33.4489009823032,-181.329183911147
0.45,2196.38696471466,590.527275509096,957.884517081323,3520.08733709335,1118.54439266191,-1416.13499668306,-5456.53198182355,4004.96834264147,-9281.70094415484,7.03443273310916,27.5297485557261,190.709933854792,17.9391314270982,70.2060558730876,380.592678480606,-8.52663735522162,-33.3695965717709,-180.899268319899
0.455,2213.85077597048,596.218434205175,950.57322086788,3492.76225116522,1138.2317392159,-1462.25924268852,-5465.01718562529,3937.46931079746,-9224.84920109145,7.1239157297085,27.8799465730869,192.608385487895,17.8965993198687,70.0396034721624,379.690326620502,-8.50642144589663,-33.2904801850404,-180.470372020813
0.46,2231.17776894426,602.006353543675,943.032716209049,3465.3985947545,1157.58386769984,-1508.10093176626,-5472.73128214342,3870.42569678725,-9168.33781554943,7.21318656997118,28.2293143016633,194.502336058682,17.8541680525352,69.8735457152808,378.790114157515,-8.48625346671959,-33.2115513763238,-180.042492597233
0.465,2248.36776976012,607.889368898146,935.26440740775,3438.00016317347,1176.60307089438,-1553.66176025972,-5479.68631620616,3803.84063890865,-9112.16569869089,7.30224575690125,28.5778537099972,196.391796238779,17.8118373860149,69.7078816667763,377.892036019324,-8.4661333040523,-33.1328097008901,-179.61562763824
0.47,2265.42062322004,613.865827180672,927.269690312868,3410.57069198388,1195.29165650515,-1598.94341897653,-5485.89423791883,3737.7171221538,-9056.33174336324,7.39109379231021,28.9255667619632,198.276776674507,17.7696070817923,69.542610393201,376.996087145631,-8.44606084452602,-33.0542547150627,-179.189774738625
0.475,2282.33619250741,619.934086912722,919.04995234737,3383.11385747346,1213.65194640989,-1643.94759309956,-5491.36690208357,3672.05798094937,-9000.83482460444,7.4797311768198,29.2724554167798,200.157287986948,17.7274769019171,69.3777309633199,376.102262488137,-8.42603597504078,-32.9758859762168,-178.764931498885
0.48,2299.11435889309,626.092518292318,910.606572536869,3355.63327713517,1231.68627591924,-1688.67596210026,-5496.11606765772,3606.86590186925,-8945.67380014165,7.56815840986482,29.6185216290203,202.033340772,17.6854466090032,69.213242448106,375.210557010511,-8.40605858276478,-32.8977030427773,-178.341095525205
0.485,2315.75502144383,632.339503257572,901.940921538595,3328.13251014892,1249.39699305084,-1733.13019965468,-5500.15339724996,3542.14342631974,-8890.84751088298,7.65637598969595,29.963767348624,203.904945600442,17.6435159662276,69.049143920735,374.320965688363,-8.38612855513371,-32.8197054742158,-177.918264429445
0.49,2332.25809673316,638.673435546656,893.054361670787,3300.61505786565,1266.78645781683,-1777.31197356169,-5503.49045665357,3477.89295319708,-8836.35478140273,7.74438441338259,30.3081945209069,205.772113017988,17.6016847373283,68.8854344565797,373.433483509218,-8.36624577985015,-32.7418928310484,-177.496435829128
0.495,2348.62351855463,645.092720754278,883.948246942468,3273.08436429357,1283.85704152441,-1821.22294566379,-5506.13871441572,3414.11674151747,-8782.19442041977,7.83218417681561,30.6518050865729,207.634853545351,17.5599526866039,68.7221131332056,372.548105472481,-8.34641014488294,-32.6642646748333,-177.075607347425
0.5,2364.85123763756,651.595776384726,874.623923083617,3245.54381658636,1300.61112608951,-1864.86477177014,-5508.10954144217,3350.81691301923,-8728.36522126946,7.91977577471017,30.9946009817248,209.493177678298,17.5183195789116,68.5591790303647,371.664826589415,-8.32662153846651,-32.5868205681681,-176.655776613143
0.505,2380.94122136522,658.181031901542,865.082727575707,3217.99674553318,1317.05110336319,-1908.23910158198,-5509.41421063647,3287.99545473731,-8674.8659623688,8.0071597006085,31.3365841378747,211.347095887713,17.4767851796661,68.3966312299913,370.783641883111,-8.3068798491003,-32.5095600746873,-176.236941260709
0.51,2396.89345349548,664.846928773897,855.325989682605,3190.44642605032,1333.17937447095,-1951.34757862036,-5510.06389657292,3225.65422155006,-8621.69540767514,8.09433644688269,31.6777564819557,213.196618619656,17.4353492548383,68.234468816196,369.904546388461,-8.2871849655481,-32.4324827590604,-175.819098930162
0.515,2412.70793388385,671.591920519719,845.355030481825,3162.8960776743,1348.99834916444,-1994.19184015605,-5510.06967520238,3163.79493869815,-8568.85230713826,8.18130650473747,32.018119936332,215.041756295416,17.3940115709541,68.072690875261,369.027535152125,-8.26753677683742,-32.3555881869886,-175.402247267132
0.52,2428.38467820913,678.414472745648,835.171162896116,3135.34886505635,1364.51044518581,-2036.77351714178,-5509.44252359041,3102.41920427574,-8516.33539714593,8.26807036421293,32.3576764188102,216.882519311579,17.3527718950928,67.911296495635,368.152603232511,-8.2479351722589,-32.278875925203,-174.986383922835
0.525,2443.92371770142,685.313063183869,824.775691725383,3107.80789845792,1379.71808764428,-2079.09423414659,-5508.19331968666,3041.52849169389,-8464.14340096309,8.35462851418736,32.6964278426498,218.718918040077,17.311629994886,67.7502847679277,367.27974569974,-8.22838004136563,-32.2023455414619,-174.571506554053
0.53,2459.32509887265,692.286181725893,814.169913678921,3080.27623424729,1394.62370840487,-2121.15560929242,-5506.33284212501,2981.12415211615,-8412.27502916448,8.44098144237994,33.0343761165743,220.550962828256,17.2705856385161,67.589654784905,366.408957635625,-8.2088712739726,-32.1259966045484,-174.157612823125
0.535,2474.58888324964,699.332330453339,803.355117407958,3052.75687539703,1409.2297454892,-2162.95925419272,-5503.87177005357,2921.2074168664,-8360.72898006096,8.52712963535352,33.3715231447817,222.378663998924,17.2296385947154,67.4294056414836,365.540234133635,-8.189408760156,-32.049828684268,-173.744700397932
0.54,2489.71514710955,706.450023665781,792.332583538491,3025.25277198206,1423.53864248824,-2204.50677389332,-5500.82068299394,2861.77939980906,-8309.5039401194,8.61307357851734,33.7078708269554,224.202031850418,17.1887886327641,67.2695364347264,364.673570298876,-8.16999239025267,-31.9738413514461,-173.332766951884
0.545,2504.70398121794,713.637787905714,781.103584704415,2997.76682167841,1437.55284798675,-2245.7997668152,-5497.1900607288,2802.84109970145,-8258.59858437632,8.69881375612979,34.0434210582746,226.021076656658,17.1480355224898,67.1100462638368,363.808961248056,-8.15062205485943,-31.8980341779258,-172.921810163907
0.55,2519.55549056925,720.894161980711,780.25,2566.6655072369,1001.85000488854,1760.86666501856,-5492.9902832174,2744.39340251864,-8208.01157684517,8.78435065130111,34.3781757294253,227.835808667206,-5.08643874898402,86.8835941326442,362.946402109464,-8.1312976448325,-31.822406736565,-172.51182771843
0.555,2532.30514892794,725.965450806115,788.744191568385,2549.93167173622,1014.25776508089,1698.83831367697,-3346.76710013493,2481.55203847013,-12405.6702683169,8.75897875505699,34.8115637331815,229.64623810732,-5.07437924882554,86.6776007512394,362.085888022937,2.41190003169491,-41.1986762809537,-172.102817305373
0.56,2544.97068888422,731.09767159699,796.929970633748,2533.10799125792,1026.44415817483,1637.15581307263,-3364.73609566093,2437.27861878747,-12336.5001208687,8.73366701335357,35.2439242119919,231.45237517802,-5.06234834068425,86.4720957620749,361.227414139837,2.40618162825984,-41.1009978328965,-171.694776620133
0.565,2557.55167785603,736.289723497098,804.809057898722,2516.19779436143,1038.4103800216,1575.81745299474,-3382.03937929858,2393.24436935408,-12267.6720155788,8.70841528356971,35.675259602028,233.254230056135,-5.05034595677096,86.2670780072156,360.370975623019,2.40047678265777,-41.0035509718725,-171.28770336357
0.57,2570.04769967978,741.540511718938,812.383165527086,2499.20436474883,1050.1576443681,1514.82152567287,-3398.68592252003,2349.45286930009,-12199.1854643724,8.68322342342242,36.1055723336853,235.051812894369,-5.03837202945724,86.0625463314715,359.516567646809,2.39478546274428,-40.9063351488092,-170.881595241994
0.575,2582.45835438754,746.848947630176,819.653997156537,2482.13094155371,1061.6871822475,1454.16632589016,-3414.68463902343,2305.90757588002,-12131.0399565429,8.65809129096605,36.5348648315973,236.845133821354,-5.02642649127498,85.8584995823918,358.664185396973,2.38910763645113,-40.809349815936,-170.476449967157
0.58,2594.78325798571,752.213948837074,826.623247912008,2464.98071963329,1073.00024137967,1393.85015109428,-3430.04438408348,2262.61182643457,-12063.2349591758,8.63301874459147,36.9631395146486,238.634202941707,-5.01450927491605,85.6549366102579,357.813824070692,2.38344327178613,-40.7125944267807,-170.072265256232
0.585,2607.02204223503,757.634439264981,833.29260441954,2447.75684986363,1084.09808558135,1333.87130150644,-3444.77395393202,2219.56884033522,-11995.7699175687,8.60800564302531,37.390398795989,240.41903033609,-5.00262031323188,85.4518562680771,356.965478876533,2.37779233683296,-40.6160684361669,-169.669038831807
0.59,2619.17435443222,763.10934923591,839.663744820681,2430.46243943779,1094.9819941859,1274.2280802282,-3458.88208516821,2176.78172091139,-11928.644255648,8.58305184532914,37.8166450830469,242.199626061262,-4.99075953923313,85.249257411576,356.119145034423,2.37215479975093,-40.519771300211,-169.266768421869
0.595,2631.23985719305,768.637615543274,845.738338787413,2413.1005521668,1105.6532614727,1214.91879334629,-3472.37745419757,2134.25345736011,-11861.8573763822,8.5581572108987,38.2418807775428,243.97600015014,-4.97892688608926,85.0471388991944,355.274817775624,2.36653062877488,-40.4237024763185,-168.86545175979
0.6,2643.21822823697,774.218181523803,851.518047537589,2395.67420878331,1116.11319610589,1155.94175003533,-3485.26867669931,2091.98692663814,-11795.4086621911,8.53332159946306,38.6661082755032,245.748162611853,-4.96712228712818,84.8454995920785,354.432492342703,2.36091979221493,-40.3278614231815,-168.46508658432
0.605,2655.10916017321,779.849997126716,857.004523850882,2378.1863872477,1126.36312058258,1097.29526265857,-3497.56430712146,2049.98489533641,-11729.2974753517,8.50854487108388,39.0893299672736,247.516123431801,-4.9553456758359,84.6443383540746,353.592163989505,2.35532225845635,-40.2322476007756,-168.065670639565
0.61,2666.91236028849,785.532018980167,862.199412085215,2360.64002305668,1136.40437069026,1038.97764686657,-3509.27283820314,2008.25002153678,-11663.5231584002,8.4838268861546,39.5115482375322,249.279892571707,-4.9435969858561,84.4436540517229,352.75382798113,2.34973799595938,-40.1368604703567,-167.667201674984
0.615,2678.62755033626,791.263210455035,867.104348193685,2343.03800955407,1146.23829497351,980.987221693918,-3520.40270052336,1966.78485665096,-11598.0850345307,8.45916750539965,39.9327654653035,251.039479969676,-4.93187615098981,84.2434455542506,351.917479593903,2.344166973259,-40.0416994944578,-167.26967744537
0.62,2690.25446632748,797.042541726084,871.720959741955,2325.38319824369,1155.86625420972,923.322309653972,-3530.96226207594,1925.5918472416,-11532.9824079892,8.43456658987367,40.3529840239713,252.794895540253,-4.92018310519498,84.0437117335661,351.083114115349,2.33860915896484,-39.9467641368866,-166.873095710838
0.625,2701.792858323,802.868989830553,876.050865926113,2307.67839910434,1165.28962089385,865.981236831644,-3540.95982786985,1884.67333682551,-11468.2145644654,8.41002400096074,40.7722062812926,254.546149174474,-4.90851778258618,83.8444514642525,350.250726844165,2.3330645217609,-39.8520538627217,-166.477454236816
0.63,2713.24249022753,808.741538724213,880.095677590984,2289.92638090656,1174.50977873214,808.962332974249,-3550.40363955451,1844.03156765892,-11403.7807714792,8.38553960037357,41.1904345994104,256.293250739925,-4.89688011743415,83.645663623561,349.420313090195,2.32753303040548,-39.7575681383101,-166.082750794029
0.635,2724.60313958519,814.659179334937,883.856997248886,2272.12987153122,1183.52812214467,752.263931580429,-3559.30187506948,1803.66868250476,-11339.680278764,8.36111325015274,41.6076713348674,258.036210080797,-4.8852700441655,83.4473470914047,348.591868174402,2.32201465373091,-39.663306431264,-165.688983158486
0.64,2735.87459737664,820.62090961382,887.336419098822,2254.29155828963,1192.34605577658,695.884369987194,-3567.66264831794,1763.58672638195,-11275.9123186469,8.33674481266593,42.0239188386191,259.775037017941,-4.87368749736228,83.2495007503524,347.765387428845,2.31650936064343,-39.5692682104579,-165.296149111471
0.645,2747.05666781786,826.62573458391,890.535529046097,2236.41408824531,1200.96499401806,639.821989455074,-3575.49400886366,1723.78764829669,-11212.4761064239,8.31243415060712,42.4391794560473,261.509741348924,-4.86213241176167,83.0521234856222,346.940866196647,2.31101712012301,-39.4754529460256,-164.904246439527
0.65,2758.14916816055,832.672666386574,893.455904722354,2218.50006853706,1209.38636053284,584.075135251415,-3582.80394165064,1684.27330295564,-11149.3708407319,8.28818112699585,42.8534555269726,263.240332848084,-4.85060472225555,82.8552141850755,346.118299831975,2.30553790122316,-39.381860109357,-164.513272934446
0.655,2769.15192849407,838.76072432555,896.099115506014,2200.55206670333,1217.61158779514,528.642156731831,-3589.60036674511,1645.04545246112,-11086.5957039169,8.2639856051764,43.2667493856687,264.966821266584,-4.8391043638902,82.65877173921,345.297683700009,2.30007167307076,-39.2884891730954,-164.123226393255
0.66,2780.06479154911,844.888934908725,898.466722543113,2182.57261100783,1225.64211663509,473.52140741984,-3595.89113909938,1606.10576798821,-11024.1498623981,8.23984744881707,43.6790633608745,266.689216332469,-4.82763127186587,82.4627950411543,344.479013176918,2.29461840486588,-39.1953396111345,-163.734104618203
0.665,2790.88761250294,851.056331887687,900.560278768536,2164.56419076615,1233.47939579231,418.711245084697,-3601.68404833695,1567.45583144382,-10962.0324670286,8.21576652190938,44.0903997758078,268.407527750718,-4.81618538153646,82.2672829866612,343.662283649834,2.28917806588163,-39.1024108986151,-163.34590541675
0.67,2801.6202587863,857.261956295076,902.381328927624,2146.52925667336,1241.12488147784,364.21003181744,-3606.98681855845,1529.09713710774,-10900.2426534513,8.19174268876734,44.5007609481783,270.121765203302,-4.80476662840914,82.0722344741016,342.847490516826,2.28375062546395,-39.0097025119225,-162.958626601557
0.675,2812.26260989197,863.504856479797,903.931409598149,2128.47022113252,1248.58003694412,310.016134105179,-3611.80710816792,1491.03109325555,-10838.7795424524,8.16777581402662,44.9101491902006,271.831938349236,-4.79337494814398,81.8776484044582,342.034629186874,2.27833605303148,-38.9172139286837,-162.572265990468
0.68,2822.81455718488,869.784088140111,905.212049212668,2110.38945858392,1255.84633206294,256.127922903633,-3616.15250971897,1453.25902376367,-10777.6422403092,8.14386576264385,45.3185668086072,273.538056824635,-4.7820102765536,81.6835236813194,341.223695079841,2.27293431807535,-38.8249446277639,-162.186821406501
0.685,2833.27600371406,876.098714354668,906.224768081207,2092.28930583502,1262.92524291142,202.543773707952,-3620.03054978035,1415.78216969628,-10716.829839136,8.12001239989584,45.7260161046615,275.240130242768,-4.77067254960281,81.4898592108731,340.414683626452,2.26754539015904,-38.7328940892639,-161.802290677836
0.69,2843.64686402601,882.447805611497,906.971078414316,2074.17206239092,1269.81825136579,149.26206662183,-3623.4486888204,1378.60169087435,-10656.3414172245,8.0962155913788,46.132499374171,276.938168194109,-4.75936170340822,81.2966539019005,339.607590268263,2.26216923891816,-38.6410617945172,-161.418671637804
0.695,2853.92706397994,888.830439835012,907.452484346441,2056.03999078537,1276.52684470293,96.2811864249241,-3626.41432111003,1341.71866742674,-10596.1760393812,8.07247520300761,46.5380189074999,278.632180246397,-4.74807767423792,81.1039066657701,338.802410457639,2.25680583406036,-38.549447226087,-161.035962124869
0.7,2864.1165405645,895.24570241106,907.670481959634,2037.89531691215,1283.05251520954,43.5995226386208,-3628.93477464373,1305.13410132336,-10536.3327572607,8.04879110101505,46.942576989582,280.322175944686,-4.73682039851109,80.9116164164313,337.999139657726,2.25145514536506,-38.4580498677634,-160.654159982623
0.705,2874.21524171629,901.692686210055,907.626559307585,2019.74023035676,1289.396759799,-8.78453040985456,-3631.01731107819,1268.84891789051,-10476.8106096951,8.02516315195106,47.3461758999341,282.008164811398,-4.72558981279768,80.7197820704085,337.197773342427,2.24611714268337,-38.3668692045602,-160.273263059769
0.71,2884.22312613993,908.170491608232,907.32219643996,2001.57688472832,1295.56107963554,-60.8725735249533,-3632.669125688,1232.86396730843,-10417.6086230198,8.00159122268197,47.748817912668,283.69015634638,-4.71438585381799,80.5284025467949,336.398306996376,2.24079179593786,-38.2759047227123,-159.893269210113
0.715,2894.14016312989,914.678226507062,906.758865427051,1983.40739799163,1301.54697976599,-112.666202581928,-3633.89734733821,1197.18002609104,-10358.7258113949,7.97807518038976,48.1505052965043,285.368160026954,-4.70320845844237,80.3374767672465,335.600736114914,2.23547907512242,-38.1851559096726,-159.514176292546
0.72,2903.96633239388,921.215006350856,905.938030384713,1965.23385279926,1307.35596875873,-164.167008467545,-3634.70903847307,1161.79779854805,-10300.1611771234,7.95461489257131,48.5512403147842,287.042185307975,-4.69205756369086,80.147003655976,334.805056204058,2.23017895030206,-38.0946222541093,-159.135982171037
0.725,2913.701623878,927.779954142605,904.861147499601,1947.05829682366,1312.98955834988,-215.37657702237,-3635.11119512081,1126.71791822937,-10241.9137109651,7.93121022703764,48.9510252254829,288.712241621877,-4.6809331067328,79.9569821397465,334.011262780485,2.2248913916128,-38.004303245903,-158.758684714621
0.73,2923.34603759345,934.372200458089,903.529665054678,1928.88274308909,1318.44926309664,-266.296488984603,-3635.11074691378,1091.94094935194,-10183.9823924467,7.90786105191321,49.3498622812222,290.378338378735,-4.66983502488649,79.7674111478657,333.219351371498,2.21961636926143,-37.9141983761436,-158.382281797382
0.735,2932.89958344496,940.990883458277,901.945023455001,1910.70917030347,1323.73660003769,-316.928319935446,-3634.71455712376,1057.46738820913,-10126.3661901686,7.88456723563511,49.7477537292831,292.04048496631,-4.65876325561887,79.5782896121801,332.429317515006,2.21435385352541,-37.8243071371275,-158.006771298446
0.74,2942.36228106091,947.63514890008,900.108655253771,1892.53952318991,1328.8530883605,-367.273640245981,-3633.92942271194,1023.29766456256,-10069.0640621069,7.86132864695239,50.1447018116185,293.698690750107,-4.6477177365451,79.3896164670683,331.641156759496,2.20910381475263,-37.734629022355,-157.632151101969
0.745,2951.734159625,954.304150145457,898.021985178643,1874.37571281794,1333.80024907558,-417.334015025544,-3632.76207439323,989.432143016653,-10012.0749559127,7.83814515492525,50.5407087648656,295.352965073427,-4.6366984054283,79.2013906494357,330.854864664011,2.20386622336133,-37.6451635265273,-157.258419097121
0.75,2961.01525770967,960.997048168945,895.686430158285,1856.21961693437,1338.57960469746,-467.111004071579,-3631.21917671447,955.871124375862,-9955.39780920689,7.81501662892435,50.9357768203592,297.003317257418,-4.6257052001791,79.013611098708,330.07043679812,2.19864104983983,-37.5559101455435,-156.885573178078
0.755,2970.20562311114,967.713011563607,893.103399349181,1838.07308029364,1343.19267893238,-516.606161820935,-3629.30732814617,922.614846984662,-9899.03154987119,7.79194293863007,51.3299082041433,298.649756601127,-4.61473805885537,78.8262767568255,329.2878687419,2.19342826474648,-37.4668683764979,-156.513611244007
0.76,2979.30531268608,974.45121654547,890.274294162668,1819.9379149877,1347.64099637264,-565.821037302614,-3627.03306118752,889.663488050426,-9842.97509633589,7.76892395403177,51.7231051369845,300.292292381557,-4.60379691966182,78.6393865682371,328.507156085905,2.18822783870938,-37.3780377176771,-156.142531199059
0.765,2988.31439218996,981.210846956457,887.200508292208,1801.81590077528,1351.92608219738,-614.757174091931,-3624.40284248412,857.017164949247,-9787.22735786338,7.74595954542702,52.115369834384,301.930933853713,-4.59288172094969,78.4529394798943,327.728294431143,2.1830397424263,-37.2894176685573,-155.77233095235
0.77,2997.23293611701,987.991094265857,883.883427740877,1783.70878541049,1356.04946187996,-663.416110266072,-3621.42307295821,824.675936514796,-9731.78723482819,7.72304958342094,52.5067045065902,303.565690250658,-4.58199240121636,78.2669344412453,326.951279389054,2.17786394666449,-37.2010077298014,-155.403008417958
0.775,3006.06102754186,994.791157570364,880.324430849072,1765.61828497074,1360.01266090151,-711.799378361038,-3618.10008795105,792.639804310309,-9676.6536189932,7.70019393892541,52.8971113586113,305.196570783565,-4.57112889910506,78.081370404229,326.176106581479,2.17270042226046,-37.1128074032561,-155.034561514903
0.78,3014.79875796278,1001.61024359272,876.524888322422,1747.54608418385,1363.81720447093,-759.908505329949,-3614.44015737696,760.908713883796,-9621.8253937822,7.67739248315839,53.2865925902277,306.823584641768,-4.56029115340446,77.8962463232693,325.402771640643,2.16754914011993,-37.0248161919493,-154.666988167139
0.785,3023.44622714655,1008.44756667897,872.486163259909,1729.49383675441,1367.46461725096,-807.745012502693,-3610.4494858889,729.482556006575,-9567.30143454879,7.65464508764315,53.675150396004,308.446740992814,-4.54947910304837,77.7115611552688,324.631270209126,2.16241007121755,-36.937033600087,-154.300286303545
0.79,3032.003542975,1015.30234879443,868.209611182175,1711.46316568913,1370.95642309044,-855.310415546901,-3606.13421305508,698.361167895207,-9513.08060884154,7.63195162420757,54.062786965302,310.066048982513,-4.53869268711539,77.5273138596036,323.861597939836,2.1572831865968,-36.849459133051,-153.934453857906
0.795,3040.47082129311,1022.17381951824,863.696580060023,1693.4556636214,1374.29414476252,-902.606224430228,-3601.50041354633,667.544334416959,-9459.16177666557,7.60931196498343,54.4495044822926,311.681517734993,-4.52793184482854,77.3435033981166,323.093750495992,2.15216845736983,-36.7620922973954,-153.569488768911
0.8,3048.84818575878,1029.06121603678,858.948410343104,1675.47289313473,1377.47930370892,-949.633943383931,-3596.55409733394,637.031789278881,-9405.54379074049,7.58672598240565,54.8353051259682,313.293156352749,-4.51719651555495,77.1601287351124,322.327723551091,2.14706585471725,-36.6749326008445,-153.205388980131
0.805,3057.13576769421,1035.96378313573,853.966434988765,1657.51638708524,1380.51341978992,-996.395070867704,-3591.30120989759,606.823216200608,-9352.2254967547,7.56419354921162,55.2201910701549,314.900973916693,-4.50648663880551,76.977188837351,321.563512788891,2.14197534988804,-36.5879795522896,-152.842152440017
0.81,3065.33370593882,1042.88077319093,848.751979491086,1639.58764892303,1383.39801104027,-1042.89109953579,-3585.74763244317,576.918250070987,-9299.20573361615,7.54171453844045,55.6041644835252,316.50497948621,-4.49580215423452,76.794682674042,320.801113903381,2.1368969141993,-36.5012326617864,-152.479777101881
0.815,3073.44214670388,1049.81144615809,843.306361910065,1621.68815301238,1386.13459343072,-1089.12351620428,-3579.89918212997,547.316478088646,-9246.48333369948,7.51928882343225,55.9872275296093,318.105182099204,-4.48514300163934,76.6126092168393,320.040522598762,2.13183051903616,-36.4146914405524,-152.118260923888
0.82,3081.46124342864,1056.75506956126,837.630892900966,1603.81934495084,1388.72468063515,-1135.09380181973,-3573.76161230726,518.017440886608,-9194.05712308968,7.49691627782745,56.3693823668085,319.701590772151,-4.47450912096008,76.4309674398344,319.281734589417,2.12677613585161,-36.3283554009636,-151.757601869047
0.825,3089.39115663807,1063.71091848028,831.726875743822,1585.98264188704,1391.16978380336,-1180.80343142884,-3567.3406127596,489.020633641069,-9141.92592182219,7.47459677556606,56.7506311484063,321.29421450015,-4.46390045227925,76.2497563195517,318.524745599891,2.12173373616627,-36.2422240565524,-151.397797905192
0.83,3097.23205380226,1070.67827553698,825.595606373075,1568.17943283724,1393.47141133918,-1226.25387414944,-3560.64180996096,460.325507164441,-9090.08854411946,7.45233019088695,57.130976022581,322.883062256975,-4.45331693582141,76.0689748349417,317.769551364866,2.11670329156834,-36.1562969220046,-151.038847004978
0.835,3104.98410919726,1077.6564308804,819.238373407362,1550.41107900055,1395.63106868409,-1271.44659314256,-3553.67076733702,431.931468982796,-9038.54379862415,7.43011639832719,57.5104191324179,324.46814299512,-4.44275851195284,75.8886219673759,317.016147629137,2.11168477371335,-36.0705735131563,-150.680747145866
0.84,3112.64750376763,1084.64468217093,812.656458179434,1532.67891407288,1397.65025810608,-1316.3830455857,-3546.43298553562,403.8378843978,-8987.29048862872,7.40795527272128,57.8889626159211,326.049465645858,-4.43222512118122,75.7086967006409,316.264530147586,2.10667815432403,-35.9850533469919,-150.323496310112
0.845,3120.22242499042,1091.6423345634,805.851134766198,1514.98424455935,1399.53047849375,-1361.06468264721,-3538.93390270505,376.044077533283,-8936.32741230176,7.3858466892005,58.2666086060257,327.627039119284,-4.42171670415527,75.5291980209327,315.514694685162,2.10168340519017,-35.8997359416408,-149.967092484757
0.85,3127.70906674085,1098.64870068917,798.823670018889,1497.32835008545,1401.27322515558,-1405.49294946177,-3531.17889477969,348.54933236654,-8885.65336291074,7.36379052319218,58.64335923061,329.200872304368,-4.41123320166443,75.3501249168508,314.766637016854,2.09670049816843,-35.8146208163748,-149.611533661612
0.855,3135.10762915938,1105.66310063729,791.575323593354,1479.71248370659,1402.8799896243,-1449.66928510697,-3523.17327577316,321.3528937445,-8835.26712904153,7.34178665041899,59.019216612507,330.770974069007,-4.40077455463852,75.1714763793928,314.020352927668,2.0917294051822,-35.7297074916057,-149.256817837252
0.86,3142.41831852046,1112.68486193463,784.107347980449,1462.13787221619,1404.35225946623,-1493.59512258105,-3514.9222980782,294.453968384877,-8785.16749481448,7.31983494689825,59.3941828695167,332.33735326007,-4.39034070414741,74.9932514019484,313.275838212603,2.08677009822145,-35.6449954888821,-148.902943013001
0.865,3149.64134710273,1119.7133195251,776.420988536541,1444.60571645233,1405.69151809554,-1537.27188878153,-3506.43115277356,267.851725862427,-8735.35324009716,7.29793528894125,59.7682601144182,333.900018703453,-4.3799315914007,74.815448980294,312.533088676628,2.08182254934254,-35.5604843308871,-148.549907194921
0.87,3156.77693306074,1126.74781574807,768.517483514115,1427.11719160264,1406.89924459344,-1580.7010044851,-3497.70496993719,241.545299580435,-8685.82314071384,7.27608755315251,60.1414504549811,335.458979204126,-4.36954715774736,74.6380681125868,311.792100134659,2.07688673066808,-35.4761735414356,-148.197708393802
0.875,3163.82530029828,1133.78770031573,760.398064092474,1409.67344750781,1407.97691353208,-1623.88388432836,-3488.74881896578,215.533787727552,-8636.57596865168,7.25429161642913,60.5137559939779,337.014243546184,-4.35918734467542,74.4611077993594,311.052868411534,2.0719626143868,-35.3920626454712,-147.84634462515
0.88,3170.78667834309,1140.83233028975,752.063954408525,1392.27560896331,1408.92599480318,-1666.82193678968,-3479.56770890036,189.816254220121,-8587.61049226363,7.23254735596008,60.8851788291955,338.565820492894,-4.34885209381166,74.2845670435141,310.315389341988,2.06705017275334,-35.3081511690641,-147.495813909176
0.885,3177.66130222319,1147.881070057,743.516371587665,1374.92477601952,1409.74795345133,-1709.51656417202,-3470.16658875757,164.391729630094,-8538.92547646814,7.21085464922547,61.2557210534471,340.113718786747,-4.33854134692122,74.1084448503171,309.579658770634,2.06214937808814,-35.2244386394079,-147.146114270786
0.89,3184.44941234459,1154.93329130456,734.756525774731,1357.62202428019,1410.44424951182,-1751.96916258675,-3460.55034786659,139.259212098696,-8490.51968294562,7.18921337399593,61.625384754584,341.657947149507,-4.32825504590733,73.932740227393,308.845672551936,2.05726020277725,-35.1409245848173,-146.797243739568
0.895,3191.15125437059,1161.98837299383,725.785620165039,1340.36840519913,1411.016337853,-1794.18112193841,-3450.72381621137,114.417668235939,-8442.39187033183,7.16762340833188,61.9941720155076,343.198514282258,-4.31799313281097,73.7574521847193,308.113426550187,2.05238261927222,-35.0576085347255,-146.449200349781
0.9,3197.76707910247,1169.04570133394,716.604851035487,1323.16494637524,1411.46566802303,-1836.15382591044,-3440.69176477796,89.8660340061274,-8394.54079440795,7.14608463058283,62.3620849141807,344.735428865455,-4.30775554981052,73.5825797346209,307.382916639485,2.04751660008988,-34.974490019681,-146.101982140345
0.905,3204.29714236169,1176.10466975445,707.215407775728,1306.01265184571,1411.79368410103,-1877.88865195188,-3430.45890590674,65.6032155994806,-8346.96520828772,7.12459691938672,62.7291255236395,346.268699558974,-4.29754223922146,73.4081218917642,306.654138703711,2.04266211781223,-34.8915685713456,-145.755587154831
0.91,3210.74170487358,1183.16467887721,697.618472919403,1288.91250237746,1412.00182455248,-1919.38697126489,-3420.02989364936,41.6280902899987,-8299.66386260132,7.10316015366924,63.0952959120053,347.798335002156,-4.28735314349603,73.2340776731518,305.927088636504,2.0378191450863,-34.8088437224915,-145.410013441445
0.915,3217.10103215236,1190.22513648766,687.815222175437,1271.86545575681,1412.09152208888,-1960.65014879327,-3409.40932413013,17.9395072797053,-8252.63550567631,7.08177421264313,63.4605981424959,349.324343813862,-4.27718820522291,73.0604460981168,305.201762341239,2.03298765462393,-34.7263150069984,-145.065259053026
0.92,3223.37539438775,1197.28545750531,677.806824459378,1254.87244707725,1412.06420353153,-2001.67954321185,-3398.60173591171,-5.46371147060233,-8205.87888371544,7.06043897580749,63.8250342734375,350.846734592517,-4.2670473671269,72.8872261883175,304.478155731004,2.0281676192017,-34.6439819598515,-144.721322047023
0.925,3229.56506633288,1204.34506395371,667.594441924794,1237.93438902543,1411.92128967941,-2042.47650691671,-3387.61161036488,-28.5827704239717,-8159.39274097149,7.03915432294715,64.1886063582761,352.36551591616,-4.25693057206859,72.7144169677318,303.756264728576,2.02335901166071,-34.5618441171381,-144.378200485497
0.93,3235.6703271937,1211.40338492962,657.179229994713,1221.05217216522,1411.66419518109,-2083.0423860163,-3376.44337204213,-51.4188996631438,-8113.17581991915,7.01792013413193,64.5513164455894,353.880696342492,-4.24683776304406,72.5420174626516,303.036085266401,2.01856180490644,-34.4799010160458,-144.035892435099
0.935,3241.6914605198,1218.45985657167,646.562337393096,1204.22666521994,1411.29432841059,-2123.37852032342,-3365.10138905507,-73.9733540995076,-8067.22686142388,6.99673628971601,64.9131665790978,355.392284408925,-4.23676888318452,72.3700267016773,302.317613286566,2.01377597190865,-34.3981521948593,-143.694395967065
0.94,3247.62875409657,1225.5139220284,635.744906176356,1187.45871535267,1410.81309134712,-2163.48624334796,-3353.58997345524,-96.2474126950214,-8021.54460490793,6.97560267033723,65.2741587976763,356.900288632629,-4.22672387575601,72.1984437157125,301.60084474078,2.00900148570114,-34.3165971929578,-143.353709157206
0.945,3253.48249983879,1232.5650314257,624.728071764903,1170.74914844458,1410.22187945863,-2203.36688229053,-3341.91338161829,-118.242377696983,-7976.12778851333,6.95451915691643,65.6342951353661,358.404717510581,-4.21670268415911,72.0272675379584,300.88577559035,2.00423831938167,-34.2352355508129,-143.013830085892
0.95,3259.25299368565,1239.61264183364,613.512962974719,1154.09876937142,1409.52208158921,-2243.02175803684,-3330.07581463128,-139.9595738855,-7930.97514926217,6.93348563065679,65.9935776213857,359.905579519611,-4.20670525192855,71.8564972039085,300.17240180616,1.99948644611179,-34.1540668099855,-142.674756838046
0.955,3264.94053549704,1246.65621723289,602.100702048954,1137.508362278,1408.71507985004,-2282.45218515291,-3318.08141868301,-161.400347833545,-7886.08542321391,6.91250197304312,66.3520082801424,361.402883116455,-4.19673152273296,71.6861317513429,299.460719368644,1.99474583911665,-34.0730905131236,-142.336487503133
0.96,3270.54542895129,1253.69522848046,590.492404689549,1120.97869085072,1407.80224951414,-2321.65947188101,-3305.93428545712,-182.566067179455,-7841.45734561995,6.89156806584125,66.709589131244,362.896636737793,-4.18678144037454,71.5161702203231,298.750724267768,1.99001647168492,-33.9923062039594,-141.999020175143
0.965,3276.06798144423,1260.72915327504,578.689180088867,1104.51049858808,1406.78495891458,-2360.64492013638,-3293.63845252779,-203.458119911749,-7797.08965107536,6.8706837910973,67.0663221895099,364.386848800308,-4.17685494878869,71.3466116531866,298.042412503005,1.98529831716857,-33.9117134273069,-141.66235295259
0.97,3281.50850398958,1267.75747612177,566.692130961344,1088.10450906929,1405.66456934625,-2399.40982550472,-3281.19790375801,-224.077913666123,-7752.98107366789,6.84984903113709,67.4222094649826,365.873527700725,-4.16695199204378,71.1774550945413,297.335780083313,1.98059134898277,-33.8313117290593,-141.326483938494
0.975,3286.86731112068,1274.77968829662,554.502353575142,1071.76142622079,1404.44243497108,-2437.95547724035,-3268.61656970005,-244.426875034507,-7709.13034712428,6.82906366856538,67.7772529629389,367.356681815861,-4.15707251434075,71.0086995912603,296.630823027111,1.9758955406057,-33.7511006561865,-140.991411240373
0.98,3292.14472079359,1281.79528781026,542.120937783816,1055.4819345808,1403.11990272665,-2476.28315826511,-3255.89832799819,-264.506448886039,-7665.53620495375,6.80832758626532,68.1314546839013,368.836319502672,-4.14721646001286,70.8403441924767,295.92753736226,1.97121086557844,-33.6710797567324,-140.65713297023
0.985,3297.34105429139,1288.80377937145,529.548967057976,1039.26669956183,1401.69831223815,-2514.39414516806,-3243.04700379341,-284.318097699835,-7622.19738058898,6.78764066739769,68.4848166236492,370.312449098302,-4.13738377352534,70.6723879495776,295.225919126037,1.96653729750479,-33.5912485798125,-140.323647244547
0.99,3302.45663612995,1295.80467435012,516.787518516948,1023.11636771118,1400.1789957336,-2552.28970820568,-3230.06637012993,-303.863300909411,-7579.11260752432,6.76700279540032,68.8373407732302,371.785078920128,-4.12757439947508,70.5048299161995,294.525964365116,1.96187481005113,-33.5116066756113,-139.990952184271
0.995,3307.4917939648,1302.79749073993,503.837662960433,1007.03156696936,1398.56327796231,-2589.97111130294,-3216.9601483635,-323.143554258651,-7536.28061945147,6.74641385398736,69.1890291189713,373.254217265805,-4.11778828259035,70.3376691482226,293.827669135542,1.9572233769463,-33.4321535953799,-139.659045914804
1,3312.44685849943,1309.78175312051,490.700464900159,991.012906926508,1396.85247611646,-2627.4396120549,-3203.73200857125,-342.160369169162,-7493.70015039247,6.72587372714871,69.5398836424902,374.719872413319,-4.10802536773044,70.1709047037655,293.131029502712,1.9525829719814,-33.3528888914331,-139.32792656599
1.005,3317.32216339481,1316.75699261929,477.376982591513,975.060979076693,1395.04789975587,-2664.69646172905,-3190.38556996293,-360.915272118904,-7451.3699348303,6.70538229914929,69.889906320706,376.182052621026,-4.09828559988539,70.0045356431797,292.436041541351,1.94795356900968,-33.2738121171473,-138.997592272112
1.01,3322.11804518016,1323.72274687297,463.868268065172,959.176357070226,1393.15085073571,-2701.74290526824,-3176.92440129354,-379.40980403197,-7409.28870783675,6.68493945452841,70.2390991258513,377.640766127703,-4.08856892417566,69.838561029045,291.742701335492,1.94333514194637,-33.1949228269578,-138.668041171871
1.015,3326.83484316498,1330.67855998865,450.175367158701,943.35959696384,1391.16262313731,-2738.58018129423,-3163.35202127704,-397.645519679368,-7367.45520519796,6.66454507809915,70.5874640254821,379.096021152595,-4.07887528585182,69.6729799261632,291.05100497845,1.93872766476856,-33.1162205763562,-138.339271408386
1.02,3331.47289935233,1337.62398250466,436.299319548141,927.611237468835,1389.08450320186,-2775.20952211191,-3149.67189900115,-415.623987090695,-7325.86816353737,6.64419905494768,70.9350029824898,380.547825895459,-4.06920463029424,69.5077914015537,290.360948572804,1.93413111151503,-33.0377049218881,-138.011281129174
1.025,3336.03255835331,1344.558571351,422.241158779571,911.931800197119,1386.91776926698,-2811.63215371409,-3135.88745434304,-433.346786976566,-7284.52632043631,6.62390127043261,71.2817179551121,381.996188536611,-4.05955690301281,69.342994524448,289.672528230374,1.92954545628611,-32.9593754211503,-137.684068486147
1.03,3340.51416730284,1351.48188980953,408.001912300637,896.32178990519,1384.66369170617,-2847.84929578685,-3122.00205838583,-450.81551216167,-7243.42841455212,6.60365161018438,71.6276108969435,383.441117236972,-4.04993204964659,69.178588366284,288.985740072196,1.92497067324356,-32.8812316327888,-137.357631635599
1.035,3344.91807577652,1358.39350747388,393.582601492059,880.781694736011,1382.32353287103,-2883.86216171552,-3108.01903383577,-468.031767028332,-7202.5731857339,6.58344996010456,71.972683756947,384.882620138115,-4.04033001596354,69.0145720007015,288.300580228505,1.92040673661035,-32.8032731164957,-137.031968738192
1.04,3349.24463570881,1365.29300020906,378.984241699103,865.311986458812,1379.89854703617,-2919.6719585912,-3093.94165543989,-484.997166970445,-7161.95937513592,6.56329620636526,72.3169384794647,386.320705362308,-4.03075074786019,68.8509445035365,287.61704483871,1.91585362067062,-32.7254994330072,-136.707077958952
1.045,3353.49420131235,1372.1799501108,364.207842263014,849.913120706791,1377.38998034689,-2955.27988721785,-3079.77315040425,-501.713337857658,-7121.58572532864,6.54319023540846,72.6603770042288,387.755381012565,-4.02119419136134,68.687704952816,286.935130051374,1.91131129976943,-32.647910144101,-136.382957467254
1.05,3357.66712899841,1379.05394546465,349.254406552414,834.585537212729,1374.79907076934,-2990.68714211988,-3065.51669881236,-518.181915509684,-7081.45098040751,6.52313193394536,73.0030012663726,389.186655172686,-4.01166029261978,68.524852428753,286.25483202419,1.90677974831272,-32.5705048125937,-136.059605436814
1.055,3361.76377729862,1385.91458070486,334.124931994662,819.329660042509,1372.12704804343,-3025.89491155038,-3051.17543404392,-534.404545180608,-7041.55388609941,6.50312118895578,73.3448131964413,390.614535907306,-4.00214899791594,68.3623860137413,285.576146923961,1.90225894076705,-32.4932830023385,-135.737020045679
1.06,3365.78450678776,1392.76145637305,318.820410107164,804.145897826541,1369.37513363817,-3060.90437749972,-3036.75244319368,-550.38288105307,-7001.89318986693,6.48315788768749,73.685814720403,392.039031261939,-3.99266025365764,68.2003047923502,284.89907092658,1.89774885165958,-32.4162442782225,-135.415199476213
1.065,3369.7296800077,1399.5941790766,303.34182652864,789.03464398909,1366.54454070946,-3095.71671570477,-3022.25076749023,-566.118585742198,-6962.46764101033,6.46324191765559,74.0260077596596,393.460149263024,-3.98319400637976,68.0386078513194,284.223600217005,1.89324945557781,-32.3393882061645,-135.094141915092
1.07,3373.59966139258,1406.4123614469,287.690161050347,773.996276975516,1363.63647406041,-3130.3330956586,-3007.67340271482,-581.613329809174,-6923.2759907674,6.44337316664187,74.3653942310574,394.87789791797,-3.97375020274391,67.8772942795539,283.549730989238,1.88876072716952,-32.2627143531126,-134.773845553288
1.075,3377.39481719497,1413.21562209742,271.866387647244,759.031160477416,1360.65213010399,-3164.75468062066,-2993.02329961992,-596.868791284301,-6884.31699241107,6.42355152269418,74.703976046898,396.292285215202,-3.9643287895382,67.7163631681186,282.877459446308,1.8842826411426,-32.1862222870414,-134.454308586067
1.08,3381.11551541325,1420.00358558156,255.871474509107,744.139643655678,1357.59269682799,-3198.98262762739,-2978.30336434755,-611.886655199457,-6845.58940134499,6.4037768741258,75.0417551149492,397.703319124203,-3.95492971367687,67.5558136102339,282.206781800243,1.87981517226489,-32.10991157695,-134.135529212969
1.085,3384.76212572005,1426.77588235038,239.70638407159,729.322061361442,1354.45935376234,-3233.01808750337,-2963.51645884721,-626.668613129812,-6807.09197519685,6.3840491095148,75.3787333384555,399.111007595563,-3.94555292220005,67.3956447012696,281.537694272054,1.87535829536406,-32.0337817928593,-133.817505637806
1.09,3388.33501939183,1433.53214871012,223.372073047225,714.578734354975,1351.25327194862,-3266.86220487292,-2948.66540129338,-641.216362744687,-6768.82347390978,6.36436811770343,75.7149126161492,400.515358561022,-3.93619836227341,67.2358555387406,280.870193091711,1.87091198532746,-31.9578325058096,-133.500236068647
1.095,3391.83456923944,1440.27202677968,206.869492456365,699.909969522463,1347.97561391178,-3300.51611817208,-2933.75296650246,-655.531607367441,-6730.78265983156,6.34473378779749,76.0502948422607,401.916379933512,-3.9268659811879,67.0764452223013,280.204274498122,1.86647621710199,-31.8820632878581,-133.183718717809
1.1,3395.26114953989,1446.99516444785,190.19958765806,685.316060090717,1344.62753363406,-3333.98095966109,-2918.78188634914,-669.616055544258,-6692.96829780184,6.32514600916569,76.3848819065294,403.314079607208,-3.91755572635943,66.9174128537409,279.539934739112,1.86205096569394,-31.806473712077,-132.867951801849
1.105,3398.61513596909,1453.7012153305,173.363298380873,670.797285839808,1341.21017653095,-3367.25785543727,-2903.75485018195,-683.471420621725,-6655.37915523743,6.30560467143905,76.7186756942143,404.708465457565,-3.90826754532859,66.7587575369781,278.877170071405,1.85763620616885,-31.7310633525503,-132.552933541553
1.11,3401.89690553566,1460.38983872765,156.361558753631,656.353913313617,1337.72467942929,-3400.34792544835,-2888.67450523812,-697.099420333078,-6618.01400221548,6.28610966451025,77.0516780861046,406.099545341368,-3.89900138576033,66.6004783780563,278.215976760595,1.85323191365138,-31.6558317843721,-132.238662161922
1.115,3405.1068365158,1467.06069958039,139.195297336101,641.986196028329,1334.17217054732,-3433.25228350612,-2873.54345705756,-710.501776393005,-6580.87161155482,6.26666087853303,77.3838909585303,407.487327096774,-3.88975719544371,66.4425744851381,277.556351081134,1.84883806332519,-31.5807785836437,-131.925135892169
1.12,3408.2453083892,1473.71346842777,121.865437149598,627.69437467885,1330.55376947682,-3465.9720373006,-2858.36426989588,-723.680214100881,-6543.95075889532,6.24725820392157,77.7153161833728,408.871818543355,-3.88053492229154,66.2850449685007,276.898289316306,1.84445463043276,-31.5059033274715,-131.612352965702
1.125,3411.31270177591,1480.3478213636,104.372895707525,613.478677343168,1326.87058716706,-3498.50828841448,-2843.13946713637,-736.636461952334,-6507.25022277534,6.22790153134987,78.0459556280754,410.253027482146,-3.87133451434017,66.1278889405309,276.241787758205,1.84008159027525,-31.4312055939647,-131.300311620122
1.13,3414.30939837434,1486.96343999316,86.7185850458353,599.339319684663,1323.12372591076,-3530.86213233801,-2827.87153170097,-749.372251259014,-6470.76878470736,6.20859075175112,78.375811155654,411.630961695685,-3.8621559197491,65.9711055157197,275.586842707719,1.83571891821241,-31.3566849622325,-130.989010097203
1.135,3417.2357809001,1493.56001138982,68.903411753414,585.276505152363,1319.31427933188,-3563.03465848427,-2812.56290646004,-761.889315776461,-6434.5052292517,6.18932575631712,78.7048846247073,413.005628948057,-3.85299908680079,65.8146938106578,274.933450474505,1.8313665896624,-31.2823410123821,-130.678446642892
1.14,3420.09223302599,1500.13722805169,50.9282770023904,571.290425179159,1315.44333237518,-3595.02695020472,-2797.21599464089,-774.189391339959,-6398.45834408848,6.17010643649762,79.0331778894275,414.377036984942,-3.84386396390028,65.6586529440302,274.281607376968,1.82702458010165,-31.2081733255164,-130.368619507293
1.145,3422.87913932288,1506.69478785818,32.7940765783646,557.381259377983,1311.51196129764,-3626.84008480515,-2781.83316023511,-786.274215508259,-6362.62692008771,6.15093268399974,79.3606927996105,415.745193533653,-3.83475049957496,65.5029820366116,273.631309742245,1.82269286506474,-31.1341814837312,-130.059526944658
1.15,3425.59688520156,1513.23239402649,14.5017009105544,543.549175735961,1307.52123366156,-3658.47513356204,-2766.41672840446,-798.145527215067,-6327.00975137768,6.13180439078737,79.6874312006668,417.110106303184,-3.82565864247424,65.347680211261,272.982553906178,1.81837142014427,-31.0603650701134,-129.75116721338
1.155,3428.2458568556,1519.74975506814,-3.94796489814109,529.794330806534,1303.47220832942,-3689.9331617391,-2750.96898588542,-809.805066428187,-6291.60563541153,6.11272144908053,80.0133949336314,418.471782984251,-3.81658834136929,65.1927465929173,272.335336213298,1.81406022099068,-30.986723668738,-129.443538575979
1.16,3430.82644120509,1526.24658474544,-22.5540410411624,516.116869899572,1299.36593546034,-3721.21522860426,-2735.49218139225,-821.254573816196,-6256.41337303217,6.09368375135476,80.3385858351744,419.830231249335,-3.80753954515273,65.038180308594,271.689653016803,1.80975924331216,-30.9132568646664,-129.136639299096
1.165,3433.33902584144,1532.72260202798,-41.3156529783971,502.51692726948,1295.20345650823,-3752.32238744694,-2719.98852601855,-832.495790422572,-6221.43176853546,6.07469119034057,80.6630057376112,421.185458752727,-3.79851220283835,64.8839804873743,271.045500678535,1.8054684628745,-30.8399642439437,-128.830467653482
1.17,3435.78399897295,1539.17753104909,-60.2319314063751,488.994626301294,1290.98580422149,-3783.2556855956,-2704.46019363721,-843.530457347139,-6186.6596297317,6.05574365902277,80.9866564689133,422.537473130572,-3.78950626356085,64.7301462604063,270.402875568965,1.80118785550092,-30.7668453935965,-128.525021913986
1.175,3438.16174937142,1545.61110106231,-79.3020122285532,475.5500796948,1286.71400264432,-3814.01616443562,-2688.90932129878,-854.360315434735,-6152.09576800552,6.03684105063989,81.3095398527178,423.886282000908,-3.78052167657549,64.5766767608981,269.761774067168,1.79691739707199,-30.6938999016304,-128.220300359549
1.18,3440.47266631965,1552.02304639791,-98.5250365256907,462.183389646659,1282.38906711946,-3844.60485942749,-2673.33800962812,-864.987104971009,-6117.73899837408,6.0179832586836,81.6316577083383,425.231892963712,-3.77155839125786,64.423571124113,269.122192560802,1.79265706352544,-30.621127357028,-127.916301273192
1.185,3442.71713955981,1558.41310641937,-117.900150526317,448.894648030562,1278.01200429254,-3875.02280012521,-2657.74832321936,-875.412565385214,-6083.58813954375,5.99917017689808,81.9530118507752,426.574313600943,-3.76261635710358,64.2708284873643,268.484127446092,1.78840683085607,-30.5485273497462,-127.613022942005
1.19,3444.89555924268,1564.78102547996,-137.426505577292,435.683936575417,1273.58381211774,-3905.27101019504,-2642.14229102903,-885.638434959926,-6049.64201396513,5.98040169927944,82.2736040907252,427.913551476582,-3.753695523728,64.1184479900107,267.847575127806,1.78416667511559,-30.4760994707141,-127.310463657142
1.195,3447.00831587789,1571.12655287928,-157.103258114464,422.55132704158,1269.105479865,-3935.35050743447,-2626.52190676746,-895.66645054756,-6015.89944788656,5.96167772007511,82.5934362345925,429.249614136678,-3.74479584086594,63.9664287734515,267.212532019237,1.77993657241247,-30.4038433118308,-127.008621713807
1.2,3449.05580028487,1577.44944281992,-176.929569633422,409.496881395139,1264.57798812853,-3965.2623037915,-2610.88912928821,-905.498347293598,-5982.35927140609,5.94299813378326,82.9125100844981,430.582509109389,-3.73591725837138,63.8147699811217,266.578994542181,1.77571649891186,-30.3317584659629,-126.707495411245
1.205,3451.03840354477,1583.74945436411,-196.904606660342,396.52065198026,1260.0023088367,-3995.00740538411,-2595.24588297568,-915.13585836642,-5949.02031852192,5.92436283515217,83.2308274382905,431.912243905023,-3.7270597262172,63.663470758487,265.946959126917,1.77150643083538,-30.2598445269422,-126.407083052737
1.21,3452.95651695322,1590.02635139042,-217.027540722942,383.622681689607,1255.37940526323,-4024.58681252002,-2579.59405813073,-924.580714693641,-5915.8814271814,5.9057717191797,83.5483900895557,433.238826016084,-3.7182231944949,63.5125302530392,265.316422212189,1.76730634446107,-30.1881010895635,-126.107382945582
1.215,3454.81053197388,1596.27990255062,-237.297548321526,370.803004132835,1250.71023203971,-4054.00151971666,-2563.9355113543,-933.834644704856,-5882.94143932851,5.88722468111263,83.8651998276272,434.56226291731,-3.70940761341428,63.3619476142913,264.687380245184,1.76311621612317,-30.1165277495825,-125.808393401096
1.22,3456.6008401929,1602.50988122647,-257.713810900133,358.06164380319,1245.99573516931,-4083.25251572141,-2548.27206592906,-942.899374080694,-5850.19920094997,5.86872161644611,84.181258437596,435.882562065718,-3.70061293330322,63.2117219937727,264.059829681511,1.75893602221206,-30.0451241037131,-125.510112734596
1.225,3458.32783327411,1608.71606548668,-278.275514817793,345.398616242195,1241.23685204176,-4112.34078353201,-2532.60551219893,-951.776625508081,-5817.65356211981,5.85026242092307,84.4965677003212,437.199730900644,-3.69183910460735,63.0618525450246,263.433766985184,1.75476573917408,-29.9738897496255,-125.212539265395
1.23,3459.99190291512,1614.89823804393,-298.981851319879,332.813928202462,1236.43451144956,-4141.26730041722,-2516.93760794656,-960.468118441631,-5785.30337704269,5.83184699053362,84.8111293924391,438.513776843787,-3.68308607788979,62.9123384235949,262.8091886286,1.75060534351142,-29.9028242859437,-124.91567131679
1.235,3461.59344080416,1621.05618621195,-319.832016509567,320.307577808619,1231.5896336052,-4170.0330379377,-2501.27007876866,-968.975568871041,-5753.14750409574,5.81347522151447,85.1249452863743,439.824707299249,-3.67435380383088,62.7631787870336,262.186091092519,1.74645481178198,-29.8319273122433,-124.619507216054
1.24,3463.13283857774,1627.18970186275,-340.825211319403,307.879554716374,1226.70313015973,-4198.63896196705,-2485.60461844913,-977.300689094431,-5721.18480586911,5.79514701034833,85.4380171503487,441.132529653579,-3.66564223322789,62.6143727948884,261.564470866047,1.74231412059924,-29.7611984290495,-124.324045294426
1.245,3464.61048777909,1633.29858138386,-361.960641482968,295.529840269723,1221.77590422224,-4227.08603271307,-2469.94288933008,-985.445187497507,-5689.4141492051,5.77686225376336,85.7503467483922,442.437251275813,-3.65695131699473,62.4659196086992,260.944324446612,1.73818324663213,-29.6906372378343,-124.029283887099
1.25,3466.02677981737,1639.38262563576,-383.237517506664,283.25840765632,1216.80885038055,-4255.37520473925,-2454.28652268058,-993.410768338472,-5657.8344052361,5.75862084873255,86.0619358403522,443.738879517512,-3.6482810061617,62.3178183919941,260.325648339946,1.73406216660489,-29.6202433410147,-123.735221333217
1.255,3467.38210592768,1645.44163990938,-404.655054641596,271.065222061005,1211.80285472286,-4283.50742698636,-2438.63711906312,-1001.19913153858,-5626.44444942113,5.74042269247317,86.3727861819036,445.037421712813,-3.63963125187522,62.1700683102844,259.708439060066,1.72995085729695,-29.5500163419505,-123.441855975859
1.26,3468.67685713177,1651.47543388368,-426.212472855568,258.950240817515,1206.75879486047,-4311.48364279427,-2422.99624869789,-1008.81197247828,-5595.24316158118,5.72226768244618,86.6828995245589,446.332885178459,-3.6310020053975,62.0226685310597,259.092693129256,1.72584929554279,-29.4799558449417,-123.149186162033
1.265,3469.91142419956,1657.48382158344,-447.908996805187,246.913413558392,1201.67753995147,-4339.30478992393,-2407.36545182466,-1016.25098179878,-5564.22942593326,5.70415571635565,86.9922776156778,447.625277213849,-3.62239321810635,61.8756182237836,258.478407078043,1.72175745823181,-29.4100614552265,-122.857210242666
1.27,3471.08619761137,1663.46662133707,-469.743855808085,234.95468236308,1196.55995072543,-4366.97180057955,-2391.74623906241,-1023.51784520903,-5533.40213112326,5.68608669214818,87.3009221984773,448.914605101075,-3.6138048414948,61.7289165598887,257.86557744518,1.71767532230821,-29.3403327789791,-122.565926572596
1.275,3472.2015675209,1669.42365573461,-491.716283815239,223.073981904247,1191.40687950894,-4394.48560143084,-2376.1400917666,-1030.61424329802,-5502.76017025755,5.66806050801232,87.6088350120411,450.200876104963,-3.60523682717095,61.5825627127721,257.254200777627,1.71360286477086,-29.2707694233075,-122.27533351056
1.28,3473.25792371886,1675.35475158587,-513.825519383417,211.271239592327,1186.21917025217,-4421.8471136355,-2360.54846238397,-1037.54185135224,-5472.30244093345,5.65007706237804,87.9160177913301,451.484097473116,-3.59668912685758,61.4365558577909,256.644273630531,1.70954006267315,-29.2013709962509,-121.985429419187
1.285,3474.25565559745,1681.25973987865,-536.070805647726,199.546375718301,1180.99765855628,-4449.05725286185,-2344.97277480514,-1044.30233917827,-5442.02784526848,5.63213625391608,88.2224722671914,452.764276435952,-3.58816169239197,61.290895172257,256.035792567206,1.70548689312287,-29.1321371067782,-121.696212664988
1.29,3475.19515211542,1687.13845573716,-558.451390294283,187.899303594728,1175.74317170163,-4476.11692931149,-2329.41442471459,-1050.89737093046,-5411.93528992849,5.61423798153745,88.5282001663685,454.041420206747,-3.57965447572556,61.1455798354331,255.428754159114,1.70144333328211,-29.0630673647851,-121.407681618347
1.295,3476.0768017639,1692.99073838055,-580.966525532995,176.329929695037,1170.45652867691,-4503.02704774226,-2313.87477993837,-1057.32860494354,-5382.02368615466,5.59638214439283,88.8332032115112,455.315535981677,-3.57116742892372,61.0006090285276,254.823154985847,1.69740936036708,-28.9941613810924,-121.119834653512
1.3,3476.90099253285,1698.81643108159,-603.615468070451,164.83815379109,1165.13854020906,-4529.78850749121,-2298.35518078927,-1063.59769357002,-5352.29194978936,5.578568641872,89.1374831211846,456.586630939852,-3.56270050416548,60.8559819346904,254.218991635104,1.69338495164803,-28.9254187674435,-120.832670148584
1.305,3477.6681118783,1704.61538112556,-626.397479082939,153.423869089042,1159.79000879395,-4556.40220249771,-2282.8569404096,-1069.70628302254,-5322.73900130095,5.56079737360329,89.4410416098797,457.854712243366,-3.55425365374324,60.7116977390079,253.616260702676,1.68937008444908,-28.8568391365024,-120.546186485511
1.31,3478.37854669012,1710.3874397692,-649.311824189573,142.086962363485,1154.41172872785,-4582.86902132675,-2267.3813451114,-1075.65601322081,-5293.36376580752,5.54306823945297,89.7438803880222,459.119787037328,-3.5458268300625,60.5677556284986,253.014958792426,1.68536473614813,-28.7884221018513,-120.260382050076
1.315,3479.03268326057,1716.1324621999,-672.357773425534,130.827314089914,1149.00448613963,-4609.18984719225,-2251.92965471424,-1081.4485176432,-5264.16517309951,5.52538113952477,90.0460011619827,460.381862449909,-3.53741998564161,60.4241547921087,252.415082516267,1.6813688841767,-28.7201672779888,-119.975255231891
1.32,3479.63090725344,1721.85030749502,-695.534601215437,119.644798575511,1143.56905902372,-4635.36555798055,-2236.50310288049,-1087.08542318292,-5235.14215766133,5.50773597415921,90.3474056340863,461.64094559238,-3.52903307311152,60.280894420707,251.816628494145,1.67738250601983,-28.6520742803272,-119.690804424384
1.325,3480.17360367388,1727.54083858139,-718.841586346807,108.539284088271,1138.10621727367,-4661.39702627401,-2221.10289744803,-1092.56835000864,-5206.29365869203,5.49013264393313,90.6480955026217,462.89704355915,-3.52066604521544,60.1379737070811,251.219593354021,1.67340557921595,-28.5841427251909,-119.407028024794
1.33,3480.66115683881,1733.20392219497,-742.27801194368,97.5106329844687,1132.61672271653,-4687.28511937464,-2205.73022076052,-1097.89891142952,-5177.61862012484,5.47257104965909,90.9480724618513,464.150163427809,-3.51231885480865,59.995391845932,250.62397373185,1.66943808135671,-28.5163722298137,-119.123924434158
1.335,3481.09395034798,1738.83942884071,-765.843165440319,86.5587018344936,1127.1013291477,-4713.03069932787,-2190.38622999502,-1103.07871376456,-5149.11599064579,5.4550510923848,91.2473382020207,465.400312259167,-3.50399145485822,59.8531480338703,250.029766271563,1.66547999008692,-28.4487624123371,-118.841492057305
1.34,3481.47236705571,1744.44723275254,-789.536338555052,75.6833415470579,1121.56078236662,-4738.63462294643,-2175.07205748714,-1108.10935621615,-5120.78472371144,5.43757267339258,91.5458944093677,466.647497097292,-3.4956837984427,59.7112414694113,249.436967625049,1.66153128310437,-28.381312891808,-118.559729302846
1.345,3481.79678904317,1750.0272118536,-813.356827264223,64.8843974917897,1115.99582021288,-4764.09774183425,-2159.78881105363,-1112.9924307479,-5092.62377756549,5.42013569419882,91.8437427661326,467.891724969553,-3.4873958387519,59.5696713529704,248.845574452133,1.65759193815976,-28.3140232881762,-118.278634583166
1.35,3482.06759759127,1755.57924771662,-837.303931776275,54.161709620228,1110.40717260305,-4789.42090241053,-2144.53757431234,-1117.72952196642,-5064.63211525462,5.40274005655339,92.1408849505669,469.133002886656,-3.47912752908661,59.4284368868589,248.255583420561,1.6536619330565,-28.2468932222929,-117.998206314412
1.355,3482.2851731542,1761.10322552446,-861.376956505944,43.5151125852296,1104.79556156801,-4814.60494593374,-2129.31940699968,-1122.32220700725,-5036.80870464336,5.3853856624391,92.4373226369433,470.371337842686,-3.47087882285836,59.2875372752794,247.666991205979,1.64974124565065,-28.179922315908,-117.718442916488
1.36,3482.44989533349,1766.59903403091,-885.575210048574,32.9444358588023,1099.16170129089,-4839.65070852588,-2114.13534528546,-1126.77205542467,-5009.15251842799,5.36807241407115,92.7330574955649,471.606736815145,-3.46264967358911,59.146971724321,247.079794491914,1.64582985385077,-28.1131101916683,-117.439342813044
1.365,3482.56214285274,1772.06656552164,-909.898005154557,22.4495038483767,1093.50629814546,-4864.55902119663,-2098.98640208512,-1131.0806290854,-4981.66253414971,5.3508002138966,93.0280911927746,472.839206764994,-3.45444003491102,59.0067394419555,246.493989969756,1.64192773561779,-28.0464564731154,-117.160904431465
1.37,3482.62229353279,1777.50571577532,-934.344658703895,12.0301360115293,1087.83005073513,-4889.33070986767,-2083.87356736948,-1135.24948206614,-4954.33773420679,5.33356896459377,93.3224253909648,474.068754636688,-3.44624986056619,58.8668396380321,245.909574338742,1.6380348689649,-27.9799607846831,-116.883126202868
1.375,3482.63072426764,1782.91638402498,-958.91449168088,1.68614696917068,1082.13364993236,-4913.966595397,-2068.79780847173,-1139.2801605548,-4927.17710586596,5.31637856907174,93.6160617485861,475.295387358217,-3.43807910440641,58.7272715242736,245.326544305931,1.63415123195742,-27.913622751696,-116.606006562089
1.38,3482.58781100073,1788.29847291957,-983.606829148897,-8.58265338278924,1076.41777891858,-4938.46749360336,-2053.76007039198,-1143.1742027555,-4900.17964127299,5.29922893046977,93.9090019201575,476.519111841148,-3.42992772039284,58.5880343142718,244.744896586193,1.63027680271265,-27.8474420003668,-116.329543947672
1.385,3482.49392870191,1793.65188848569,-1008.42100022535,-18.7764597632849,1070.6831132246,-4962.83421529067,-2038.76127609913,-1146.93313879701,-4873.34433746234,5.28211995215679,94.2012475562749,477.739934980659,-3.42179566259584,58.4491272234828,244.164627902184,1.62641155939981,-27.7814181577945,-116.053736801866
1.39,3482.34945134492,1798.97654008955,-1033.35633805671,-28.8954713974354,1064.93032077137,-4987.0675662725,-2023.8023268301,-1150.55849064492,-4846.67019636613,5.26505153773082,94.492800303621,478.957863655581,-3.41368288519464,58.310549469223,243.585734984331,1.62255548023986,-27.7155508519622,-115.778583570613
1.395,3482.15475188538,1804.27234039911,-1058.4121797937,-38.9398919093682,1059.16006191129,-5011.16834739661,-2008.88410238658,-1154.05177201714,-4820.15622482226,5.24802359101843,94.7836618049744,480.172904728435,-3.40558934247712,58.1723002706643,243.008214570813,1.61870854350539,-27.649839711735,-115.504082703539
1.4,3481.91020223929,1809.53920534646,-1083.58786656654,-48.9099292165136,1053.37298946977,-5035.13735456952,-1994.00746142907,-1157.41448830287,-4793.80143458177,5.23103601607424,95.0738336992185,481.385065045473,-3.39751498883952,58.03437884883,242.432063407543,1.61487072752052,-27.584284366858,-115.230232653944
1.405,3481.61617326217,1814.77705409039,-1108.88274346045,-58.8057954253553,1047.56974878735,-5058.9753787811,-1979.17324176835,-1160.64813648493,-4767.60484231545,5.2140887171803,95.3633176213515,482.594351436713,-3.38945977878621,57.8967844265902,241.857278248149,1.61104201066075,-27.5188844479541,-114.957031878799
1.41,3481.27303472852,1819.9858089792,-1134.29615949109,-68.6277067286271,1041.75097776202,-5082.6832061292,-1964.38226065436,-1163.75420506528,-4741.56546961968,5.19718159884566,95.6521152024947,483.800770715983,-3.38142366692945,57.7595162286576,241.283855853956,1.60722237135284,-27.4536395865218,-114.68447883873
1.415,3480.881155312,1825.16539551366,-1159.82746758032,-78.3758833039394,1035.91730689205,-5106.26161784431,-1949.63531506246,-1166.7341739939,-4715.68234302163,5.18031456580571,95.9402280699027,485.004329680953,-3.37340660798907,57.6225734815829,240.711792993966,1.60341178807473,-27.3885494149336,-114.412571998014
1.42,3480.44090256593,1830.31574231026,-1185.47602453189,-88.050549213825,1030.06935931905,-5129.71139031422,-1934.93318197712,-1169.5895146007,-4689.9544939836,5.16348752302175,96.2276578469714,486.205035113177,-3.3654085567923,57.4859554137508,240.141086444843,1.59961023935535,-27.3236135664333,-114.14130982457
1.425,3479.9526429044,1835.43678106462,-1211.24119100743,-97.6519323071898,1024.2077508714,-5153.03329510876,-1920.27661867296,-1172.32168953057,-4664.38095890681,5.14670037568038,96.5144061532483,487.402893778132,-3.35742946827342,57.3496612553751,239.571732990893,1.59581770377457,-27.2588316751346,-113.870690789947
1.43,3479.41674158379,1840.52844651516,-1237.12233150245,-107.180264122156,1018.33309010799,-5176.22809900443,-1905.66636299326,-1174.93215268152,-4638.96077913442,5.12995302919301,96.8004746044408,488.597912425252,-3.34946929747361,57.213690238495,239.003729424046,1.59203415996301,-27.1942033760183,-113.60071336932
1.435,3478.83356268484,1845.59067640697,-1263.1188143225,-116.635779790285,1012.44597836226,-5199.2965640092,-1891.10313362583,-1177.42234914571,-4613.69300095391,5.11324538919531,97.0858648124256,489.790097787971,-3.3415279995406,57.0780415969704,238.437072543839,1.58825958660199,-27.1297283049308,-113.331376041479
1.44,3478.20346909513,1850.6234114559,-1289.23001155944,-126.018717942167,1006.54700978649,-5222.23944738719,-1876.58763037632,-1179.79371515343,-4588.57667559878,5.09657736154667,97.370578385258,490.979456583758,-3.33360552972848,56.9427145664775,237.871759157395,1.58449396242336,-27.065406098582,-113.062677288819
1.445,3477.52682249205,1855.62659531288,-1315.45529906785,-135.329320614362,1000.63677139639,-5245.05750168344,-1862.12053443893,-1182.04767801997,-4563.61085924963,5.07994885232968,97.6546169271805,492.165995514155,-3.32570184339744,56.8077083845047,237.307786079408,1.58073726620938,-27.001236394543,-112.794615597335
1.45,3476.80398332626,1860.60017452846,-1341.7940564416,-144.567833157684,994.715843115916,-5267.75147474862,-1847.70250866459,-1184.18565609528,-4538.7946130346,5.06335976784961,97.9379820386323,493.349721264816,-3.31781689601347,56.6730222903485,236.745150132125,1.57698947679263,-26.9372188312441,-112.527189456611
1.455,3476.03531080553,1865.54409851757,-1368.24566699041,-153.734504146817,988.784797822334,-5290.32210976376,-1833.33419782648,-1186.20905871633,-4514.1270030292,5.04681001463387,98.2206753162578,494.530640505542,-3.30995064314819,56.5386555251087,236.183848145326,1.57325057305589,-26.873353047973,-112.260397359811
1.46,3475.22116287907,1870.45831952453,-1394.80951771674,-162.829585291232,982.844201391523,-5312.77014526504,-1819.0162288831,-1188.11928616227,-4489.60710025552,5.03029949943148,98.5026983529162,495.708759890324,-3.30210304047853,56.4046073316843,235.623876956308,1.56952053393198,-26.8096386848726,-111.994237803674
1.465,3474.36189622234,1875.34279258825,-1421.48499929258,-171.853331347426,976.894612743462,-5335.09631516844,-1804.74921123864,-1189.91772961208,-4465.23398068088,5.01382812921255,98.7840527376901,496.884086057373,-3.29427404378652,56.2708769547696,235.065233409865,1.56579933840368,-26.7460753829389,-111.7287092885
1.47,3473.45786622218,1880.19747550769,-1448.27150603655,-180.80600003243,970.936583887937,-5357.30134879452,-1790.53373700098,-1191.60577110497,-4441.00672521584,4.99739581116775,99.0647400558943,498.056625629165,-3.286463608959,56.1374636408495,234.507914358274,1.56208696550361,-26.6826627840192,-111.463810318146
1.475,3472.50942696248,1885.02232880754,-1475.16843589102,-189.687851938615,964.970659970422,-5379.38597089308,-1776.37038123696,-1193.18478350315,-4416.92441971172,4.98100245270782,99.3447618890853,499.226385212471,-3.27867169198743,56.0043666381955,233.951916661274,1.55838339431408,-26.6194005308098,-111.199539400018
1.48,3471.51693121023,1889.81731570413,-1502.17519039936,-198.499150449741,958.997379318135,-5401.35090166787,-1762.25970222522,-1194.65613045724,-4392.98615495752,4.96464796146298,99.6241198150696,500.393371398401,-3.27089824896759,55.8715851968612,233.397237186049,1.55468860396701,-26.5562882668542,-110.935895045059
1.485,3470.48073040194,1894.58240207156,-1529.29117468337,-207.240161658274,953.017273486266,-5423.19685680125,-1748.20224170653,-1196.02116637396,-4369.19102667627,4.94833224528248,99.902815407913,501.557590762437,-3.26314323609937,55.7391185686785,232.84387280721,1.5510025736438,-26.4933256365411,-110.672875767742
1.49,3469.40117463052,1899.31755640808,-1556.51579742076,-215.911154283932,947.030867304334,-5444.92454747886,-1734.1985251315,-1197.28123638631,-4345.53813552097,4.93205521223405,100.180850237949,502.719049864471,-3.2554066096865,55.606966007253,232.29182040678,1.54732528257519,-26.4305122851022,-110.410480086062
1.495,3468.27861263255,1904.0227498027,-1583.84847082283,-224.512399593461,941.038678922704,-5466.53468041421,-1720.24906190588,-1198.437676326,-4322.02658706983,4.91581677060337,100.458225871789,503.877755248842,-3.24768832613629,55.4751267679599,231.741076874172,1.54365671004118,-26.3678478586104,-110.14870652153
1.5,3467.11339177595,1908.69795590199,-1611.2886106122,-233.044171321627,935.041219859213,-5488.02795787331,-1706.35434563329,-1199.49181269824,-4298.65549182118,4.89961682889357,100.734943872329,505.033713444373,-3.23998834195944,55.34360010794,231.191639106177,1.5399968353709,-26.3053320039777,-109.88755359916
